,#,Name,HP,Attack,Defense,Sp. Atk,Sp. Def,Speed,Type 1,Type 2,Generation,Legendary
0,1,bulbasaur,45,49,49,65,65,45,grass,poison,1,False
1,2,ivysaur,60,62,63,80,80,60,grass,poison,1,False
2,3,venusaur,80,82,83,100,100,80,grass,poison,1,False
3,5,charmander,39,52,43,60,50,65,fire,,1,False
4,6,charmeleon,58,64,58,80,65,80,fire,,1,False
5,7,charizard,78,84,78,109,85,100,fire,flying,1,False
6,10,squirtle,44,48,65,50,64,43,water,,1,False
7,11,wartortle,59,63,80,65,80,58,water,,1,False
8,12,blastoise,79,83,100,85,105,78,water,,1,False
9,14,caterpie,45,30,35,20,20,45,bug,,1,False
10,15,metapod,50,20,55,25,25,30,bug,,1,False
11,16,butterfree,60,45,50,90,80,70,bug,flying,1,False
12,17,weedle,40,35,30,20,20,50,bug,poison,1,False
13,18,kakuna,45,25,50,25,25,35,bug,poison,1,False
14,19,beedrill,65,90,40,45,80,75,bug,poison,1,False
15,21,pidgey,40,45,40,35,35,56,normal,flying,1,False
16,22,pidgeotto,63,60,55,50,50,71,normal,flying,1,False
17,23,pidgeot,83,80,75,70,70,101,normal,flying,1,False
18,25,rattata,30,56,35,25,35,72,normal,,1,False
19,26,raticate,55,81,60,50,70,97,normal,,1,False
20,27,spearow,40,60,30,31,31,70,normal,flying,1,False
21,28,fearow,65,90,65,61,61,100,normal,flying,1,False
22,29,ekans,35,60,44,40,54,55,poison,,1,False
23,30,arbok,60,85,69,65,79,80,poison,,1,False
24,31,pikachu,35,55,40,50,50,90,electric,,1,False
25,32,raichu,60,90,55,90,80,110,electric,,1,False
26,33,sandshrew,50,75,85,20,30,40,ground,,1,False
27,34,sandslash,75,100,110,45,55,65,ground,,1,False
28,36,nidorina,70,62,67,55,55,56,poison,,1,False
29,37,nidoqueen,90,92,87,75,85,76,poison,ground,1,False
30,39,nidorino,61,72,57,55,55,65,poison,,1,False
31,40,nidoking,81,102,77,85,75,85,poison,ground,1,False
32,41,clefairy,70,45,48,60,65,35,fairy,,1,False
33,42,clefable,95,70,73,95,90,60,fairy,,1,False
34,43,vulpix,38,41,40,50,65,65,fire,,1,False
35,44,ninetales,73,76,75,81,100,100,fire,,1,False
36,45,jigglypuff,115,45,20,45,25,20,normal,fairy,1,False
37,46,wigglytuff,140,70,45,85,50,45,normal,fairy,1,False
38,47,zubat,40,45,35,30,40,55,poison,flying,1,False
39,48,golbat,75,80,70,65,75,90,poison,flying,1,False
40,49,oddish,45,50,55,75,65,30,grass,poison,1,False
41,50,gloom,60,65,70,85,75,40,grass,poison,1,False
42,51,vileplume,75,80,85,110,90,50,grass,poison,1,False
43,52,paras,35,70,55,45,55,25,bug,grass,1,False
44,53,parasect,60,95,80,60,80,30,bug,grass,1,False
45,54,venonat,60,55,50,40,55,45,bug,poison,1,False
46,55,venomoth,70,65,60,90,75,90,bug,poison,1,False
47,56,diglett,10,55,25,35,45,95,ground,,1,False
48,57,dugtrio,35,80,50,50,70,120,ground,,1,False
49,58,meowth,40,45,35,40,40,90,normal,,1,False
50,59,persian,65,70,60,65,65,115,normal,,1,False
51,60,psyduck,50,52,48,65,50,55,water,,1,False
52,61,golduck,80,82,78,95,80,85,water,,1,False
53,62,mankey,40,80,35,35,45,70,fighting,,1,False
54,64,growlithe,55,70,45,70,50,60,fire,,1,False
55,65,arcanine,90,110,80,100,80,95,fire,,1,False
56,66,poliwag,40,50,40,40,40,90,water,,1,False
57,67,poliwhirl,65,65,65,50,50,90,water,,1,False
58,68,poliwrath,90,95,95,70,90,70,water,fighting,1,False
59,69,abra,25,20,15,105,55,90,psychic,,1,False
60,70,kadabra,40,35,30,120,70,105,psychic,,1,False
61,71,alakazam,55,50,45,135,95,120,psychic,,1,False
62,73,machop,70,80,50,35,35,35,fighting,,1,False
63,74,machoke,80,100,70,50,60,45,fighting,,1,False
64,75,machamp,90,130,80,65,85,55,fighting,,1,False
65,76,bellsprout,50,75,35,70,30,40,grass,poison,1,False
66,77,weepinbell,65,90,50,85,45,55,grass,poison,1,False
67,78,victreebel,80,105,65,100,70,70,grass,poison,1,False
68,79,tentacool,40,40,35,50,100,70,water,poison,1,False
69,80,tentacruel,80,70,65,80,120,100,water,poison,1,False
70,81,geodude,40,80,100,30,30,20,rock,ground,1,False
71,82,graveler,55,95,115,45,45,35,rock,ground,1,False
72,83,golem,80,120,130,55,65,45,rock,ground,1,False
73,84,ponyta,50,85,55,65,65,90,fire,,1,False
74,85,rapidash,65,100,70,80,80,105,fire,,1,False
75,86,slowpoke,90,65,65,40,40,15,water,psychic,1,False
76,87,slowbro,95,75,110,100,80,30,water,psychic,1,False
77,89,magnemite,25,35,70,95,55,45,electric,steel,1,False
78,90,magneton,50,60,95,120,70,70,electric,steel,1,False
79,92,doduo,35,85,45,35,35,75,normal,flying,1,False
80,93,dodrio,60,110,70,60,60,100,normal,flying,1,False
81,94,seel,65,45,55,45,70,45,water,,1,False
82,95,dewgong,90,70,80,70,95,70,water,ice,1,False
83,96,grimer,80,80,50,40,50,25,poison,,1,False
84,97,muk,105,105,75,65,100,50,poison,,1,False
85,98,shellder,30,65,100,45,25,40,water,,1,False
86,99,cloyster,50,95,180,85,45,70,water,ice,1,False
87,100,gastly,30,35,30,100,35,80,ghost,poison,1,False
88,101,haunter,45,50,45,115,55,95,ghost,poison,1,False
89,102,gengar,60,65,60,130,75,110,ghost,poison,1,False
90,104,onix,35,45,160,30,45,70,rock,ground,1,False
91,105,drowzee,60,48,45,43,90,42,psychic,,1,False
92,106,hypno,85,73,70,73,115,67,psychic,,1,False
93,107,krabby,30,105,90,25,25,50,water,,1,False
94,108,kingler,55,130,115,50,50,75,water,,1,False
95,109,voltorb,40,30,50,55,55,100,electric,,1,False
96,110,electrode,60,50,70,80,80,140,electric,,1,False
97,111,exeggcute,60,40,80,60,45,40,grass,psychic,1,False
98,112,exeggutor,95,95,85,125,65,55,grass,psychic,1,False
99,113,cubone,50,50,95,40,50,35,ground,,1,False
100,114,marowak,60,80,110,50,80,45,ground,,1,False
101,115,hitmonlee,50,120,53,35,110,87,fighting,,1,False
102,116,hitmonchan,50,105,79,35,110,76,fighting,,1,False
103,117,lickitung,90,55,75,60,75,30,normal,,1,False
104,118,koffing,40,65,95,60,45,35,poison,,1,False
105,119,weezing,65,90,120,85,70,60,poison,,1,False
106,120,rhyhorn,80,85,95,30,30,25,ground,rock,1,False
107,121,rhydon,105,130,120,45,45,40,ground,rock,1,False
108,122,chansey,250,5,5,35,105,50,normal,,1,False
109,123,tangela,65,55,115,100,40,60,grass,,1,False
110,124,kangaskhan,105,95,80,40,80,90,normal,,1,False
111,126,horsea,30,40,70,70,25,60,water,,1,False
112,127,seadra,55,65,95,95,45,85,water,,1,False
113,128,goldeen,45,67,60,35,50,63,water,,1,False
114,129,seaking,80,92,65,65,80,68,water,,1,False
115,130,staryu,30,45,55,70,55,85,water,,1,False
116,131,starmie,60,75,85,100,85,115,water,psychic,1,False
117,133,scyther,70,110,80,55,80,105,bug,flying,1,False
118,134,jynx,65,50,35,115,95,95,ice,psychic,1,False
119,135,electabuzz,65,83,57,95,85,105,electric,,1,False
120,136,magmar,65,95,57,100,85,93,fire,,1,False
121,137,pinsir,65,125,100,55,70,85,bug,,1,False
122,139,tauros,75,100,95,40,70,110,normal,,1,False
123,140,magikarp,20,10,55,15,20,80,water,,1,False
124,141,gyarados,95,125,79,60,100,81,water,flying,1,False
125,143,lapras,130,85,80,85,95,60,water,ice,1,False
126,144,ditto,48,48,48,48,48,48,normal,,1,False
127,145,eevee,55,55,50,45,65,55,normal,,1,False
128,146,vaporeon,130,65,60,110,95,65,water,,1,False
129,147,jolteon,65,65,60,110,95,130,electric,,1,False
130,148,flareon,65,130,60,95,110,65,fire,,1,False
131,149,porygon,65,60,70,85,75,40,normal,,1,False
132,150,omanyte,35,40,100,90,55,35,rock,water,1,False
133,151,omastar,70,60,125,115,70,55,rock,water,1,False
134,152,kabuto,30,80,90,55,45,55,rock,water,1,False
135,153,kabutops,60,115,105,65,70,80,rock,water,1,False
136,154,aerodactyl,80,105,65,60,75,130,rock,flying,1,False
137,156,snorlax,160,110,65,65,110,30,normal,,1,False
138,157,articuno,90,85,100,95,125,85,ice,flying,1,True
139,158,zapdos,90,90,85,125,90,100,electric,flying,1,True
140,159,moltres,90,100,90,125,85,90,fire,flying,1,True
141,160,dratini,41,64,45,50,50,50,dragon,,1,False
142,161,dragonair,61,84,65,70,70,70,dragon,,1,False
143,162,dragonite,91,134,95,100,100,80,dragon,flying,1,False
144,163,mewtwo,106,110,90,154,90,130,psychic,,1,True
145,166,mew,100,100,100,100,100,100,psychic,,1,False
146,167,chikorita,45,49,65,49,65,45,grass,,2,False
147,168,bayleef,60,62,80,63,80,60,grass,,2,False
148,169,meganium,80,82,100,83,100,80,grass,,2,False
149,170,cyndaquil,39,52,43,60,50,65,fire,,2,False
150,171,quilava,58,64,58,80,65,80,fire,,2,False
151,172,typhlosion,78,84,78,109,85,100,fire,,2,False
152,173,totodile,50,65,64,44,48,43,water,,2,False
153,174,croconaw,65,80,80,59,63,58,water,,2,False
154,175,feraligatr,85,105,100,79,83,78,water,,2,False
155,176,sentret,35,46,34,35,45,20,normal,,2,False
156,177,furret,85,76,64,45,55,90,normal,,2,False
157,178,hoothoot,60,30,30,36,56,50,normal,flying,2,False
158,179,noctowl,100,50,50,76,96,70,normal,flying,2,False
159,180,ledyba,40,20,30,40,80,55,bug,flying,2,False
160,181,ledian,55,35,50,55,110,85,bug,flying,2,False
161,182,spinarak,40,60,40,40,40,30,bug,poison,2,False
162,183,ariados,70,90,70,60,60,40,bug,poison,2,False
163,184,crobat,85,90,80,70,80,130,poison,flying,2,False
164,185,chinchou,75,38,38,56,56,67,water,electric,2,False
165,186,lanturn,125,58,58,76,76,67,water,electric,2,False
166,187,pichu,20,40,15,35,35,60,electric,,2,False
167,188,cleffa,50,25,28,45,55,15,fairy,,2,False
168,189,igglybuff,90,30,15,40,20,15,normal,fairy,2,False
169,190,togepi,35,20,65,40,65,20,fairy,,2,False
170,191,togetic,55,40,85,80,105,40,fairy,flying,2,False
171,192,natu,40,50,45,70,45,70,psychic,flying,2,False
172,193,xatu,65,75,70,95,70,95,psychic,flying,2,False
173,194,mareep,55,40,40,65,45,35,electric,,2,False
174,195,flaaffy,70,55,55,80,60,45,electric,,2,False
175,196,ampharos,90,75,85,115,90,55,electric,,2,False
176,198,bellossom,75,80,95,90,100,50,grass,,2,False
177,199,marill,70,20,50,20,50,40,water,fairy,2,False
178,200,azumarill,100,50,80,60,80,50,water,fairy,2,False
179,201,sudowoodo,70,100,115,30,65,30,rock,,2,False
180,202,politoed,90,75,75,90,100,70,water,,2,False
181,203,hoppip,35,35,40,35,55,50,grass,flying,2,False
182,204,skiploom,55,45,50,45,65,80,grass,flying,2,False
183,205,jumpluff,75,55,70,55,95,110,grass,flying,2,False
184,206,aipom,55,70,55,40,55,85,normal,,2,False
185,207,sunkern,30,30,30,30,30,30,grass,,2,False
186,208,sunflora,75,75,55,105,85,30,grass,,2,False
187,209,yanma,65,65,45,75,45,95,bug,flying,2,False
188,210,wooper,55,45,45,25,25,15,water,ground,2,False
189,211,quagsire,95,85,85,65,65,35,water,ground,2,False
190,212,espeon,65,65,60,130,95,110,psychic,,2,False
191,213,umbreon,95,65,110,60,130,65,dark,,2,False
192,214,murkrow,60,85,42,85,42,91,dark,flying,2,False
193,215,slowking,95,75,80,100,110,30,water,psychic,2,False
194,216,misdreavus,60,60,60,85,85,85,ghost,,2,False
195,217,unown,48,72,48,72,48,48,psychic,,2,False
196,218,wobbuffet,190,33,58,33,58,33,psychic,,2,False
197,219,girafarig,70,80,65,90,65,85,normal,psychic,2,False
198,220,pineco,50,65,90,35,35,15,bug,,2,False
199,221,forretress,75,90,140,60,60,40,bug,steel,2,False
200,222,dunsparce,100,70,70,65,65,45,normal,,2,False
201,223,gligar,65,75,105,35,65,85,ground,flying,2,False
202,224,steelix,75,85,200,55,65,30,steel,ground,2,False
203,226,snubbull,60,80,50,40,40,30,fairy,,2,False
204,227,granbull,90,120,75,60,60,45,fairy,,2,False
205,228,qwilfish,65,95,75,55,55,85,water,poison,2,False
206,229,scizor,70,130,100,55,80,65,bug,steel,2,False
207,231,shuckle,20,10,230,10,230,5,bug,rock,2,False
208,232,heracross,80,125,75,40,95,85,bug,fighting,2,False
209,234,sneasel,55,95,55,35,75,115,dark,ice,2,False
210,235,teddiursa,60,80,50,50,50,40,normal,,2,False
211,236,ursaring,90,130,75,75,75,55,normal,,2,False
212,237,slugma,40,40,40,70,40,20,fire,,2,False
213,238,magcargo,50,50,120,80,80,30,fire,rock,2,False
214,239,swinub,50,50,40,30,30,50,ice,ground,2,False
215,240,piloswine,100,100,80,60,60,50,ice,ground,2,False
216,241,corsola,55,55,85,65,85,35,water,rock,2,False
217,242,remoraid,35,65,35,65,35,65,water,,2,False
218,243,octillery,75,105,75,105,75,45,water,,2,False
219,244,delibird,45,55,45,65,45,75,ice,flying,2,False
220,245,mantine,65,40,70,80,140,70,water,flying,2,False
221,246,skarmory,65,80,140,40,70,70,steel,flying,2,False
222,247,houndour,45,60,30,80,50,65,dark,fire,2,False
223,248,houndoom,75,90,50,110,80,95,dark,fire,2,False
224,250,kingdra,75,95,95,95,95,85,water,dragon,2,False
225,251,phanpy,90,60,60,40,40,40,ground,,2,False
226,252,donphan,90,120,120,60,60,50,ground,,2,False
227,253,porygon2,85,80,90,105,95,60,normal,,2,False
228,254,stantler,73,95,62,85,65,85,normal,,2,False
229,255,smeargle,55,20,35,20,45,75,normal,,2,False
230,256,tyrogue,35,35,35,35,35,35,fighting,,2,False
231,257,hitmontop,50,95,95,35,110,70,fighting,,2,False
232,258,smoochum,45,30,15,85,65,65,ice,psychic,2,False
233,259,elekid,45,63,37,65,55,95,electric,,2,False
234,260,magby,45,75,37,70,55,83,fire,,2,False
235,261,miltank,95,80,105,40,70,100,normal,,2,False
236,262,blissey,255,10,10,75,135,55,normal,,2,False
237,263,raikou,90,85,75,115,100,115,electric,,2,True
238,264,entei,115,115,85,90,75,100,fire,,2,True
239,265,suicune,100,75,115,90,115,85,water,,2,True
240,266,larvitar,50,64,50,45,50,41,rock,ground,2,False
241,267,pupitar,70,84,70,65,70,51,rock,ground,2,False
242,268,tyranitar,100,134,110,95,100,61,rock,dark,2,False
243,270,lugia,106,90,130,90,154,110,psychic,flying,2,True
244,271,ho-oh,106,130,90,110,154,90,fire,flying,2,True
245,272,celebi,100,100,100,100,100,100,psychic,grass,2,False
246,273,treecko,40,45,35,65,55,70,grass,,3,False
247,274,grovyle,50,65,45,85,65,95,grass,,3,False
248,275,sceptile,70,85,65,105,85,120,grass,,3,False
249,277,torchic,45,60,40,70,50,45,fire,,3,False
250,278,combusken,60,85,60,85,60,55,fire,fighting,3,False
251,279,blaziken,80,120,70,110,70,80,fire,fighting,3,False
252,281,mudkip,50,70,50,50,50,40,water,,3,False
253,282,marshtomp,70,85,70,60,70,50,water,ground,3,False
254,283,swampert,100,110,90,85,90,60,water,ground,3,False
255,285,poochyena,35,55,35,30,30,35,dark,,3,False
256,286,mightyena,70,90,70,60,60,70,dark,,3,False
257,287,zigzagoon,38,30,41,30,41,60,normal,,3,False
258,288,linoone,78,70,61,50,61,100,normal,,3,False
259,289,wurmple,45,45,35,20,30,20,bug,,3,False
260,290,silcoon,50,35,55,25,25,15,bug,,3,False
261,291,beautifly,60,70,50,100,50,65,bug,flying,3,False
262,292,cascoon,50,35,55,25,25,15,bug,,3,False
263,293,dustox,60,50,70,50,90,65,bug,poison,3,False
264,294,lotad,40,30,30,40,50,30,water,grass,3,False
265,295,lombre,60,50,50,60,70,50,water,grass,3,False
266,296,ludicolo,80,70,70,90,100,70,water,grass,3,False
267,297,seedot,40,40,50,30,30,30,grass,,3,False
268,298,nuzleaf,70,70,40,60,40,60,grass,dark,3,False
269,299,shiftry,90,100,60,90,60,80,grass,dark,3,False
270,300,taillow,40,55,30,30,30,85,normal,flying,3,False
271,301,swellow,60,85,60,50,50,125,normal,flying,3,False
272,302,wingull,40,30,30,55,30,85,water,flying,3,False
273,303,pelipper,60,50,100,85,70,65,water,flying,3,False
274,304,ralts,28,25,25,45,35,40,psychic,fairy,3,False
275,305,kirlia,38,35,35,65,55,50,psychic,fairy,3,False
276,306,gardevoir,68,65,65,125,115,80,psychic,fairy,3,False
277,308,surskit,40,30,32,50,52,65,bug,water,3,False
278,309,masquerain,70,60,62,80,82,60,bug,flying,3,False
279,310,shroomish,60,40,60,40,60,35,grass,,3,False
280,311,breloom,60,130,80,60,60,70,grass,fighting,3,False
281,312,slakoth,60,60,60,35,35,30,normal,,3,False
282,313,vigoroth,80,80,80,55,55,90,normal,,3,False
283,314,slaking,150,160,100,95,65,100,normal,,3,False
284,315,nincada,31,45,90,30,30,40,bug,ground,3,False
285,316,ninjask,61,90,45,50,50,160,bug,flying,3,False
286,317,shedinja,1,90,45,30,30,40,bug,ghost,3,False
287,318,whismur,64,51,23,51,23,28,normal,,3,False
288,319,loudred,84,71,43,71,43,48,normal,,3,False
289,320,exploud,104,91,63,91,73,68,normal,,3,False
290,321,makuhita,72,60,30,20,30,25,fighting,,3,False
291,322,hariyama,144,120,60,40,60,50,fighting,,3,False
292,323,azurill,50,20,40,20,40,20,normal,fairy,3,False
293,324,nosepass,30,45,135,45,90,30,rock,,3,False
294,325,skitty,50,45,45,35,35,50,normal,,3,False
295,326,delcatty,70,65,65,55,55,70,normal,,3,False
296,327,sableye,50,75,75,65,65,50,dark,ghost,3,False
297,329,mawile,50,85,85,55,55,50,steel,fairy,3,False
298,331,aron,50,70,100,40,40,30,steel,rock,3,False
299,332,lairon,60,90,140,50,50,40,steel,rock,3,False
300,333,aggron,70,110,180,60,60,50,steel,rock,3,False
301,335,meditite,30,40,55,40,55,60,fighting,psychic,3,False
302,336,medicham,60,60,75,60,75,80,fighting,psychic,3,False
303,338,electrike,40,45,40,65,40,65,electric,,3,False
304,339,manectric,70,75,60,105,60,105,electric,,3,False
305,341,plusle,60,50,40,85,75,95,electric,,3,False
306,342,minun,60,40,50,75,85,95,electric,,3,False
307,343,volbeat,65,73,55,47,75,85,bug,,3,False
308,344,illumise,65,47,55,73,75,85,bug,,3,False
309,345,roselia,50,60,45,100,80,65,grass,poison,3,False
310,346,gulpin,70,43,53,43,53,40,poison,,3,False
311,347,swalot,100,73,83,73,83,55,poison,,3,False
312,348,carvanha,45,90,20,65,20,65,water,dark,3,False
313,349,sharpedo,70,120,40,95,40,95,water,dark,3,False
314,351,wailmer,130,70,35,70,35,60,water,,3,False
315,352,wailord,170,90,45,90,45,60,water,,3,False
316,353,numel,60,60,40,65,45,35,fire,ground,3,False
317,354,camerupt,70,100,70,105,75,40,fire,ground,3,False
318,356,torkoal,70,85,140,85,70,20,fire,,3,False
319,357,spoink,60,25,35,70,80,60,psychic,,3,False
320,358,grumpig,80,45,65,90,110,80,psychic,,3,False
321,359,spinda,60,60,60,60,60,60,normal,,3,False
322,360,trapinch,45,100,45,45,45,10,ground,,3,False
323,361,vibrava,50,70,50,50,50,70,ground,dragon,3,False
324,362,flygon,80,100,80,80,80,100,ground,dragon,3,False
325,363,cacnea,50,85,40,85,40,35,grass,,3,False
326,364,cacturne,70,115,60,115,60,55,grass,dark,3,False
327,365,swablu,45,40,60,40,75,50,normal,flying,3,False
328,366,altaria,75,70,90,70,105,80,dragon,flying,3,False
329,368,zangoose,73,115,60,60,60,90,normal,,3,False
330,369,seviper,73,100,60,100,60,65,poison,,3,False
331,370,lunatone,70,55,65,95,85,70,rock,psychic,3,False
332,371,solrock,70,95,85,55,65,70,rock,psychic,3,False
333,372,barboach,50,48,43,46,41,60,water,ground,3,False
334,373,whiscash,110,78,73,76,71,60,water,ground,3,False
335,374,corphish,43,80,65,50,35,35,water,,3,False
336,375,crawdaunt,63,120,85,90,55,55,water,dark,3,False
337,376,baltoy,40,40,55,40,70,55,ground,psychic,3,False
338,377,claydol,60,70,105,70,120,75,ground,psychic,3,False
339,378,lileep,66,41,77,61,87,23,rock,grass,3,False
340,379,cradily,86,81,97,81,107,43,rock,grass,3,False
341,380,anorith,45,95,50,40,50,75,rock,bug,3,False
342,381,armaldo,75,125,100,70,80,45,rock,bug,3,False
343,382,feebas,20,15,20,10,55,80,water,,3,False
344,383,milotic,95,60,79,100,125,81,water,,3,False
345,384,castform,70,70,70,70,70,70,normal,,3,False
346,385,kecleon,60,90,70,60,120,40,normal,,3,False
347,386,shuppet,44,75,35,63,33,45,ghost,,3,False
348,387,banette,64,115,65,83,63,65,ghost,,3,False
349,389,duskull,20,40,90,30,90,25,ghost,,3,False
350,390,dusclops,40,70,130,60,130,25,ghost,,3,False
351,391,tropius,99,68,83,72,87,51,grass,flying,3,False
352,392,chimecho,65,50,70,95,80,65,psychic,,3,False
353,393,absol,65,130,60,75,60,75,dark,,3,False
354,395,wynaut,95,23,48,23,48,23,psychic,,3,False
355,396,snorunt,50,50,50,50,50,50,ice,,3,False
356,397,glalie,80,80,80,80,80,80,ice,,3,False
357,399,spheal,70,40,50,55,50,25,ice,water,3,False
358,400,sealeo,90,60,70,75,70,45,ice,water,3,False
359,401,walrein,110,80,90,95,90,65,ice,water,3,False
360,402,clamperl,35,64,85,74,55,32,water,,3,False
361,403,huntail,55,104,105,94,75,52,water,,3,False
362,404,gorebyss,55,84,105,114,75,52,water,,3,False
363,405,relicanth,100,90,130,45,65,55,water,rock,3,False
364,406,luvdisc,43,30,55,40,65,97,water,,3,False
365,407,bagon,45,75,60,40,30,50,dragon,,3,False
366,408,shelgon,65,95,100,60,50,50,dragon,,3,False
367,409,salamence,95,135,80,110,80,100,dragon,flying,3,False
368,411,beldum,40,55,80,35,60,30,steel,psychic,3,False
369,412,metang,60,75,100,55,80,50,steel,psychic,3,False
370,413,metagross,80,135,130,95,90,70,steel,psychic,3,False
371,415,regirock,80,100,200,50,100,50,rock,,3,True
372,416,regice,80,50,100,100,200,50,ice,,3,True
373,417,registeel,80,75,150,75,150,50,steel,,3,True
374,418,latias,80,80,90,110,130,110,dragon,psychic,3,True
375,420,latios,80,90,80,130,110,110,dragon,psychic,3,True
376,422,kyogre,100,100,90,150,140,90,water,,3,True
377,424,groudon,100,150,140,100,90,90,ground,,3,True
378,426,rayquaza,105,150,90,150,90,95,dragon,flying,3,True
379,428,jirachi,100,100,100,100,100,100,steel,psychic,3,False
380,433,turtwig,55,68,64,45,55,31,grass,,4,False
381,434,grotle,75,89,85,55,65,36,grass,,4,False
382,435,torterra,95,109,105,75,85,56,grass,ground,4,False
383,436,chimchar,44,58,44,58,44,61,fire,,4,False
384,437,monferno,64,78,52,78,52,81,fire,fighting,4,False
385,438,infernape,76,104,71,104,71,108,fire,fighting,4,False
386,439,piplup,53,51,53,61,56,40,water,,4,False
387,440,prinplup,64,66,68,81,76,50,water,,4,False
388,441,empoleon,84,86,88,111,101,60,water,steel,4,False
389,442,starly,40,55,30,30,30,60,normal,flying,4,False
390,443,staravia,55,75,50,40,40,80,normal,flying,4,False
391,444,staraptor,85,120,70,50,60,100,normal,flying,4,False
392,445,bidoof,59,45,40,35,40,31,normal,,4,False
393,446,bibarel,79,85,60,55,60,71,normal,water,4,False
394,447,kricketot,37,25,41,25,41,25,bug,,4,False
395,448,kricketune,77,85,51,55,51,65,bug,,4,False
396,449,shinx,45,65,34,40,34,45,electric,,4,False
397,450,luxio,60,85,49,60,49,60,electric,,4,False
398,451,luxray,80,120,79,95,79,70,electric,,4,False
399,452,budew,40,30,35,50,70,55,grass,poison,4,False
400,453,roserade,60,70,65,125,105,90,grass,poison,4,False
401,454,cranidos,67,125,40,30,30,58,rock,,4,False
402,455,rampardos,97,165,60,65,50,58,rock,,4,False
403,456,shieldon,30,42,118,42,88,30,rock,steel,4,False
404,457,bastiodon,60,52,168,47,138,30,rock,steel,4,False
405,458,burmy,40,29,45,29,45,36,bug,,4,False
406,462,mothim,70,94,50,94,50,66,bug,flying,4,False
407,463,combee,30,30,42,30,42,70,bug,flying,4,False
408,464,vespiquen,70,80,102,80,102,40,bug,flying,4,False
409,465,pachirisu,60,45,70,45,90,95,electric,,4,False
410,466,buizel,55,65,35,60,30,85,water,,4,False
411,467,floatzel,85,105,55,85,50,115,water,,4,False
412,468,cherubi,45,35,45,62,53,35,grass,,4,False
413,469,cherrim,70,60,70,87,78,85,grass,,4,False
414,470,shellos,76,48,48,57,62,34,water,,4,False
415,471,gastrodon,111,83,68,92,82,39,water,ground,4,False
416,472,ambipom,75,100,66,60,66,115,normal,,4,False
417,473,drifloon,90,50,34,60,44,70,ghost,flying,4,False
418,474,drifblim,150,80,44,90,54,80,ghost,flying,4,False
419,475,buneary,55,66,44,44,56,85,normal,,4,False
420,476,lopunny,65,76,84,54,96,105,normal,,4,False
421,478,mismagius,60,60,60,105,105,105,ghost,,4,False
422,479,honchkrow,100,125,52,105,52,71,dark,flying,4,False
423,480,glameow,49,55,42,42,37,85,normal,,4,False
424,481,purugly,71,82,64,64,59,112,normal,,4,False
425,482,chingling,45,30,50,65,50,45,psychic,,4,False
426,483,stunky,63,63,47,41,41,74,poison,dark,4,False
427,484,skuntank,103,93,67,71,61,84,poison,dark,4,False
428,485,bronzor,57,24,86,24,86,23,steel,psychic,4,False
429,486,bronzong,67,89,116,79,116,33,steel,psychic,4,False
430,487,bonsly,50,80,95,10,45,10,rock,,4,False
431,489,happiny,100,5,5,15,65,30,normal,,4,False
432,490,chatot,76,65,45,92,42,91,normal,flying,4,False
433,491,spiritomb,50,92,108,92,108,35,ghost,dark,4,False
434,492,gible,58,70,45,40,45,42,dragon,ground,4,False
435,493,gabite,68,90,65,50,55,82,dragon,ground,4,False
436,494,garchomp,108,130,95,80,85,102,dragon,ground,4,False
437,496,munchlax,135,85,40,40,85,5,normal,,4,False
438,497,riolu,40,70,40,35,40,60,fighting,,4,False
439,498,lucario,70,110,70,115,70,90,fighting,steel,4,False
440,500,hippopotas,68,72,78,38,42,32,ground,,4,False
441,501,hippowdon,108,112,118,68,72,47,ground,,4,False
442,502,skorupi,40,50,90,30,55,65,poison,bug,4,False
443,503,drapion,70,90,110,60,75,95,poison,dark,4,False
444,504,croagunk,48,61,40,61,40,50,poison,fighting,4,False
445,505,toxicroak,83,106,65,86,65,85,poison,fighting,4,False
446,506,carnivine,74,100,72,90,72,46,grass,,4,False
447,507,finneon,49,49,56,49,61,66,water,,4,False
448,508,lumineon,69,69,76,69,86,91,water,,4,False
449,509,mantyke,45,20,50,60,120,50,water,flying,4,False
450,510,snover,60,62,50,62,60,40,grass,ice,4,False
451,511,abomasnow,90,92,75,92,85,60,grass,ice,4,False
452,513,weavile,70,120,65,45,85,125,dark,ice,4,False
453,514,magnezone,70,70,115,130,90,60,electric,steel,4,False
454,515,lickilicky,110,85,95,80,95,50,normal,,4,False
455,516,rhyperior,115,140,130,55,55,40,ground,rock,4,False
456,517,tangrowth,100,100,125,110,50,50,grass,,4,False
457,518,electivire,75,123,67,95,85,95,electric,,4,False
458,519,magmortar,75,95,67,125,95,83,fire,,4,False
459,520,togekiss,85,50,95,120,115,80,fairy,flying,4,False
460,521,yanmega,86,76,86,116,56,95,bug,flying,4,False
461,522,leafeon,65,110,130,60,65,95,grass,,4,False
462,523,glaceon,65,60,110,130,95,65,ice,,4,False
463,524,gliscor,75,95,125,45,75,95,ground,flying,4,False
464,525,mamoswine,110,130,80,70,60,80,ice,ground,4,False
465,526,porygon-z,85,80,70,135,75,90,normal,,4,False
466,527,gallade,68,125,65,65,115,80,psychic,fighting,4,False
467,529,probopass,60,55,145,75,150,40,rock,steel,4,False
468,530,dusknoir,45,100,135,65,135,45,ghost,,4,False
469,531,froslass,70,80,70,80,70,110,ice,ghost,4,False
470,532,rotom,50,50,77,95,77,91,electric,ghost,4,False
471,538,uxie,75,75,130,75,130,95,psychic,,4,True
472,539,mesprit,80,105,105,105,105,80,psychic,,4,True
473,540,azelf,75,125,70,125,70,115,psychic,,4,True
474,541,dialga,100,120,120,150,100,90,steel,dragon,4,True
475,542,palkia,90,120,100,150,120,100,water,dragon,4,True
476,543,heatran,91,90,106,130,106,77,fire,steel,4,True
477,544,regigigas,110,160,110,80,110,100,normal,,4,True
478,547,cresselia,120,70,120,75,130,85,psychic,,4,True
479,548,phione,80,80,80,80,80,80,water,,4,False
480,549,manaphy,100,100,100,100,100,100,water,,4,False
481,550,darkrai,70,90,90,135,90,125,dark,,4,False
482,553,arceus,120,120,120,120,120,120,normal,,4,False
483,554,victini,100,100,100,100,100,100,psychic,fire,5,False
484,555,snivy,45,45,55,45,55,63,grass,,5,False
485,556,servine,60,60,75,60,75,83,grass,,5,False
486,557,serperior,75,75,95,75,95,113,grass,,5,False
487,558,tepig,65,63,45,45,45,45,fire,,5,False
488,559,pignite,90,93,55,70,55,55,fire,fighting,5,False
489,560,emboar,110,123,65,100,65,65,fire,fighting,5,False
490,561,oshawott,55,55,45,63,45,45,water,,5,False
491,562,dewott,75,75,60,83,60,60,water,,5,False
492,563,samurott,95,100,85,108,70,70,water,,5,False
493,564,patrat,45,55,39,35,39,42,normal,,5,False
494,565,watchog,60,85,69,60,69,77,normal,,5,False
495,566,lillipup,45,60,45,25,45,55,normal,,5,False
496,567,herdier,65,80,65,35,65,60,normal,,5,False
497,568,stoutland,85,110,90,45,90,80,normal,,5,False
498,569,purrloin,41,50,37,50,37,66,dark,,5,False
499,570,liepard,64,88,50,88,50,106,dark,,5,False
500,571,pansage,50,53,48,53,48,64,grass,,5,False
501,572,simisage,75,98,63,98,63,101,grass,,5,False
502,573,pansear,50,53,48,53,48,64,fire,,5,False
503,574,simisear,75,98,63,98,63,101,fire,,5,False
504,575,panpour,50,53,48,53,48,64,water,,5,False
505,576,simipour,75,98,63,98,63,101,water,,5,False
506,577,munna,76,25,45,67,55,24,psychic,,5,False
507,578,musharna,116,55,85,107,95,29,psychic,,5,False
508,579,pidove,50,55,50,36,30,43,normal,flying,5,False
509,580,tranquill,62,77,62,50,42,65,normal,flying,5,False
510,581,unfezant,80,115,80,65,55,93,normal,flying,5,False
511,582,blitzle,45,60,32,50,32,76,electric,,5,False
512,583,zebstrika,75,100,63,80,63,116,electric,,5,False
513,584,roggenrola,55,75,85,25,25,15,rock,,5,False
514,585,boldore,70,105,105,50,40,20,rock,,5,False
515,586,gigalith,85,135,130,60,80,25,rock,,5,False
516,587,woobat,55,45,43,55,43,72,psychic,flying,5,False
517,588,swoobat,67,57,55,77,55,114,psychic,flying,5,False
518,589,drilbur,60,85,40,30,45,68,ground,,5,False
519,590,excadrill,110,135,60,50,65,88,ground,steel,5,False
520,591,audino,103,60,86,60,86,50,normal,,5,False
521,593,timburr,75,80,55,25,35,35,fighting,,5,False
522,594,gurdurr,85,105,85,40,50,40,fighting,,5,False
523,595,conkeldurr,105,140,95,55,65,45,fighting,,5,False
524,596,tympole,50,50,40,50,40,64,water,,5,False
525,597,palpitoad,75,65,55,65,55,69,water,ground,5,False
526,598,seismitoad,105,95,75,85,75,74,water,ground,5,False
527,599,throh,120,100,85,30,85,45,fighting,,5,False
528,600,sawk,75,125,75,30,75,85,fighting,,5,False
529,601,sewaddle,45,53,70,40,60,42,bug,grass,5,False
530,602,swadloon,55,63,90,50,80,42,bug,grass,5,False
531,603,leavanny,75,103,80,70,80,92,bug,grass,5,False
532,604,venipede,30,45,59,30,39,57,bug,poison,5,False
533,605,whirlipede,40,55,99,40,79,47,bug,poison,5,False
534,606,scolipede,60,100,89,55,69,112,bug,poison,5,False
535,607,cottonee,40,27,60,37,50,66,grass,fairy,5,False
536,608,whimsicott,60,67,85,77,75,116,grass,fairy,5,False
537,609,petilil,45,35,50,70,50,30,grass,,5,False
538,610,lilligant,70,60,75,110,75,90,grass,,5,False
539,612,sandile,50,72,35,35,35,65,ground,dark,5,False
540,613,krokorok,60,82,45,45,45,74,ground,dark,5,False
541,614,krookodile,95,117,80,65,70,92,ground,dark,5,False
542,615,darumaka,70,90,45,15,45,50,fire,,5,False
543,618,maractus,75,86,67,106,67,60,grass,,5,False
544,619,dwebble,50,65,85,35,35,55,bug,rock,5,False
545,620,crustle,70,95,125,65,75,45,bug,rock,5,False
546,621,scraggy,50,75,70,35,70,48,dark,fighting,5,False
547,622,scrafty,65,90,115,45,115,58,dark,fighting,5,False
548,623,sigilyph,72,58,80,103,80,97,psychic,flying,5,False
549,624,yamask,38,30,85,55,65,30,ghost,,5,False
550,625,cofagrigus,58,50,145,95,105,30,ghost,,5,False
551,626,tirtouga,54,78,103,53,45,22,water,rock,5,False
552,627,carracosta,74,108,133,83,65,32,water,rock,5,False
553,628,archen,55,112,45,74,45,70,rock,flying,5,False
554,629,archeops,75,140,65,112,65,110,rock,flying,5,False
555,630,trubbish,50,50,62,40,62,65,poison,,5,False
556,631,garbodor,80,95,82,60,82,75,poison,,5,False
557,632,zorua,40,65,40,80,40,65,dark,,5,False
558,633,zoroark,60,105,60,120,60,105,dark,,5,False
559,634,minccino,55,50,40,40,40,75,normal,,5,False
560,635,cinccino,75,95,60,65,60,115,normal,,5,False
561,636,gothita,45,30,50,55,65,45,psychic,,5,False
562,637,gothorita,60,45,70,75,85,55,psychic,,5,False
563,638,gothitelle,70,55,95,95,110,65,psychic,,5,False
564,639,solosis,45,30,40,105,50,20,psychic,,5,False
565,640,duosion,65,40,50,125,60,30,psychic,,5,False
566,641,reuniclus,110,65,75,125,85,30,psychic,,5,False
567,642,ducklett,62,44,50,44,50,55,water,flying,5,False
568,643,swanna,75,87,63,87,63,98,water,flying,5,False
569,644,vanillite,36,50,50,65,60,44,ice,,5,False
570,645,vanillish,51,65,65,80,75,59,ice,,5,False
571,646,vanilluxe,71,95,85,110,95,79,ice,,5,False
572,647,deerling,60,60,50,40,50,75,normal,grass,5,False
573,648,sawsbuck,80,100,70,60,70,95,normal,grass,5,False
574,649,emolga,55,75,60,75,60,103,electric,flying,5,False
575,650,karrablast,50,75,45,40,45,60,bug,,5,False
576,651,escavalier,70,135,105,60,105,20,bug,steel,5,False
577,652,foongus,69,55,45,55,55,15,grass,poison,5,False
578,653,amoonguss,114,85,70,85,80,30,grass,poison,5,False
579,654,frillish,55,40,50,65,85,40,water,ghost,5,False
580,655,jellicent,100,60,70,85,105,60,water,ghost,5,False
581,656,alomomola,165,75,80,40,45,65,water,,5,False
582,657,joltik,50,47,50,57,50,65,bug,electric,5,False
583,658,galvantula,70,77,60,97,60,108,bug,electric,5,False
584,659,ferroseed,44,50,91,24,86,10,grass,steel,5,False
585,660,ferrothorn,74,94,131,54,116,20,grass,steel,5,False
586,661,klink,40,55,70,45,60,30,steel,,5,False
587,662,klang,60,80,95,70,85,50,steel,,5,False
588,663,klinklang,60,100,115,70,85,90,steel,,5,False
589,664,tynamo,35,55,40,45,40,60,electric,,5,False
590,665,eelektrik,65,85,70,75,70,40,electric,,5,False
591,666,eelektross,85,115,80,105,80,50,electric,,5,False
592,667,elgyem,55,55,55,85,55,30,psychic,,5,False
593,668,beheeyem,75,75,75,125,95,40,psychic,,5,False
594,669,litwick,50,30,55,65,55,20,ghost,fire,5,False
595,670,lampent,60,40,60,95,60,55,ghost,fire,5,False
596,671,chandelure,60,55,90,145,90,80,ghost,fire,5,False
597,672,axew,46,87,60,30,40,57,dragon,,5,False
598,673,fraxure,66,117,70,40,50,67,dragon,,5,False
599,674,haxorus,76,147,90,60,70,97,dragon,,5,False
600,675,cubchoo,55,70,40,60,40,40,ice,,5,False
601,676,beartic,95,110,80,70,80,50,ice,,5,False
602,677,cryogonal,70,50,30,95,135,105,ice,,5,False
603,678,shelmet,50,40,85,40,65,25,bug,,5,False
604,679,accelgor,80,70,40,100,60,145,bug,,5,False
605,680,stunfisk,109,66,84,81,99,32,ground,electric,5,False
606,681,mienfoo,45,85,50,55,50,65,fighting,,5,False
607,682,mienshao,65,125,60,95,60,105,fighting,,5,False
608,683,druddigon,77,120,90,60,90,48,dragon,,5,False
609,684,golett,59,74,50,35,50,35,ground,ghost,5,False
610,685,golurk,89,124,80,55,80,55,ground,ghost,5,False
611,686,pawniard,45,85,70,40,40,60,dark,steel,5,False
612,687,bisharp,65,125,100,60,70,70,dark,steel,5,False
613,688,bouffalant,95,110,95,40,95,55,normal,,5,False
614,689,rufflet,70,83,50,37,50,60,normal,flying,5,False
615,690,braviary,100,123,75,57,75,80,normal,flying,5,False
616,691,vullaby,70,55,75,45,65,60,dark,flying,5,False
617,692,mandibuzz,110,65,105,55,95,80,dark,flying,5,False
618,693,heatmor,85,97,66,105,66,65,fire,,5,False
619,694,durant,58,109,112,48,48,109,bug,steel,5,False
620,695,deino,52,65,50,45,50,38,dark,dragon,5,False
621,696,zweilous,72,85,70,65,70,58,dark,dragon,5,False
622,697,hydreigon,92,105,90,125,90,98,dark,dragon,5,False
623,698,larvesta,55,85,55,50,55,60,bug,fire,5,False
624,699,volcarona,85,60,65,135,105,100,bug,fire,5,False
625,700,cobalion,91,90,129,90,72,108,steel,fighting,5,True
626,701,terrakion,91,129,90,72,90,108,rock,fighting,5,True
627,702,virizion,91,90,72,90,129,108,grass,fighting,5,True
628,707,reshiram,100,120,100,150,120,90,dragon,fire,5,True
629,708,zekrom,100,150,120,120,100,90,dragon,electric,5,True
630,711,kyurem,125,130,90,130,90,95,dragon,ice,5,True
631,718,genesect,71,120,95,120,95,99,bug,steel,5,False
632,719,chespin,56,61,65,48,45,38,grass,,6,False
633,720,quilladin,61,78,95,56,58,57,grass,,6,False
634,721,chesnaught,88,107,122,74,75,64,grass,fighting,6,False
635,722,fennekin,40,45,40,62,60,60,fire,,6,False
636,723,braixen,59,59,58,90,70,73,fire,,6,False
637,724,delphox,75,69,72,114,100,104,fire,psychic,6,False
638,725,froakie,41,56,40,62,44,71,water,,6,False
639,726,frogadier,54,63,52,83,56,97,water,,6,False
640,727,greninja,72,95,67,103,71,122,water,dark,6,False
641,728,bunnelby,38,36,38,32,36,57,normal,,6,False
642,729,diggersby,85,56,77,50,77,78,normal,ground,6,False
643,730,fletchling,45,50,43,40,38,62,normal,flying,6,False
644,731,fletchinder,62,73,55,56,52,84,fire,flying,6,False
645,732,talonflame,78,81,71,74,69,126,fire,flying,6,False
646,733,scatterbug,38,35,40,27,25,35,bug,,6,False
647,734,spewpa,45,22,60,27,30,29,bug,,6,False
648,735,vivillon,80,52,50,90,50,89,bug,flying,6,False
649,736,litleo,62,50,58,73,54,72,fire,normal,6,False
650,737,pyroar,86,68,72,109,66,106,fire,normal,6,False
651,739,floette,54,45,47,75,98,52,fairy,,6,False
652,740,florges,78,65,68,112,154,75,fairy,,6,False
653,741,skiddo,66,65,48,62,57,52,grass,,6,False
654,742,gogoat,123,100,62,97,81,68,grass,,6,False
655,743,pancham,67,82,62,46,48,43,fighting,,6,False
656,744,pangoro,95,124,78,69,71,58,fighting,dark,6,False
657,745,furfrou,75,80,60,65,90,102,normal,,6,False
658,746,espurr,62,48,54,63,60,68,psychic,,6,False
659,749,honedge,45,80,100,35,37,28,steel,ghost,6,False
660,750,doublade,59,110,150,45,49,35,steel,ghost,6,False
661,753,spritzee,78,52,60,63,65,23,fairy,,6,False
662,754,aromatisse,101,72,72,99,89,29,fairy,,6,False
663,755,swirlix,62,48,66,59,57,49,fairy,,6,False
664,756,slurpuff,82,80,86,85,75,72,fairy,,6,False
665,757,inkay,53,54,53,37,46,45,dark,psychic,6,False
666,758,malamar,86,92,88,68,75,73,dark,psychic,6,False
667,759,binacle,42,52,67,39,56,50,rock,water,6,False
668,760,barbaracle,72,105,115,54,86,68,rock,water,6,False
669,761,skrelp,50,60,60,60,60,30,poison,water,6,False
670,762,dragalge,65,75,90,97,123,44,poison,dragon,6,False
671,763,clauncher,50,53,62,58,63,44,water,,6,False
672,764,clawitzer,71,73,88,120,89,59,water,,6,False
673,765,helioptile,44,38,33,61,43,70,electric,normal,6,False
674,766,heliolisk,62,55,52,109,94,109,electric,normal,6,False
675,767,tyrunt,58,89,77,45,45,48,rock,dragon,6,False
676,768,tyrantrum,82,121,119,69,59,71,rock,dragon,6,False
677,769,amaura,77,59,50,67,63,46,rock,ice,6,False
678,770,aurorus,123,77,72,99,92,58,rock,ice,6,False
679,771,sylveon,95,65,65,110,130,60,fairy,,6,False
680,772,hawlucha,78,92,75,74,63,118,fighting,flying,6,False
681,773,dedenne,67,58,57,81,67,101,electric,fairy,6,False
682,774,carbink,50,50,150,50,150,50,rock,fairy,6,False
683,775,goomy,45,50,35,55,75,40,dragon,,6,False
684,776,sliggoo,68,75,53,83,113,60,dragon,,6,False
685,777,goodra,90,100,70,110,150,80,dragon,,6,False
686,778,klefki,57,80,91,80,87,75,steel,fairy,6,False
687,779,phantump,43,70,48,50,60,38,ghost,grass,6,False
688,780,trevenant,85,110,76,65,82,56,ghost,grass,6,False
689,789,bergmite,55,69,85,32,35,28,ice,,6,False
690,790,avalugg,95,117,184,44,46,28,ice,,6,False
691,791,noibat,40,30,35,45,40,55,flying,dragon,6,False
692,792,noivern,85,70,80,97,80,123,flying,dragon,6,False
693,793,xerneas,126,131,95,131,98,99,fairy,,6,True
694,794,yveltal,126,131,95,131,98,99,dark,flying,6,True
695,796,diancie,50,100,150,100,150,50,rock,fairy,6,False
696,800,volcanion,80,110,120,130,90,70,fire,water,6,False
