,Name,Type 1,Type 2,Generation,Legendary
0,bulbasaur,grass,poison,generation-i,False
1,ivysaur,grass,poison,generation-i,False
2,venusaur,grass,poison,generation-i,False
3,charmander,fire,,generation-i,False
4,charmeleon,fire,,generation-i,False
5,charizard,fire,flying,generation-i,False
6,squirtle,water,,generation-i,False
7,wartortle,water,,generation-i,False
8,blastoise,water,,generation-i,False
9,caterpie,bug,,generation-i,False
10,metapod,bug,,generation-i,False
11,butterfree,bug,flying,generation-i,False
12,weedle,bug,poison,generation-i,False
13,kakuna,bug,poison,generation-i,False
14,beedrill,bug,poison,generation-i,False
15,pidgey,normal,flying,generation-i,False
16,pidgeotto,normal,flying,generation-i,False
17,pidgeot,normal,flying,generation-i,False
18,rattata,normal,,generation-i,False
19,raticate,normal,,generation-i,False
20,spearow,normal,flying,generation-i,False
21,fearow,normal,flying,generation-i,False
22,ekans,poison,,generation-i,False
23,arbok,poison,,generation-i,False
24,pikachu,electric,,generation-i,False
25,raichu,electric,,generation-i,False
26,sandshrew,ground,,generation-i,False
27,sandslash,ground,,generation-i,False
28,nidoran-f,poison,,generation-i,False
29,nidorina,poison,,generation-i,False
30,nidoqueen,poison,ground,generation-i,False
31,nidoran-m,poison,,generation-i,False
32,nidorino,poison,,generation-i,False
33,nidoking,poison,ground,generation-i,False
34,clefairy,fairy,,generation-i,False
35,clefable,fairy,,generation-i,False
36,vulpix,fire,,generation-i,False
37,ninetales,fire,,generation-i,False
38,jigglypuff,normal,fairy,generation-i,False
39,wigglytuff,normal,fairy,generation-i,False
40,zubat,poison,flying,generation-i,False
41,golbat,poison,flying,generation-i,False
42,oddish,grass,poison,generation-i,False
43,gloom,grass,poison,generation-i,False
44,vileplume,grass,poison,generation-i,False
45,paras,bug,grass,generation-i,False
46,parasect,bug,grass,generation-i,False
47,venonat,bug,poison,generation-i,False
48,venomoth,bug,poison,generation-i,False
49,diglett,ground,,generation-i,False
50,dugtrio,ground,,generation-i,False
51,meowth,normal,,generation-i,False
52,persian,normal,,generation-i,False
53,psyduck,water,,generation-i,False
54,golduck,water,,generation-i,False
55,mankey,fighting,,generation-i,False
56,primeape,fighting,,generation-i,False
57,growlithe,fire,,generation-i,False
58,arcanine,fire,,generation-i,False
59,poliwag,water,,generation-i,False
60,poliwhirl,water,,generation-i,False
61,poliwrath,water,fighting,generation-i,False
62,abra,psychic,,generation-i,False
63,kadabra,psychic,,generation-i,False
64,alakazam,psychic,,generation-i,False
65,machop,fighting,,generation-i,False
66,machoke,fighting,,generation-i,False
67,machamp,fighting,,generation-i,False
68,bellsprout,grass,poison,generation-i,False
69,weepinbell,grass,poison,generation-i,False
70,victreebel,grass,poison,generation-i,False
71,tentacool,water,poison,generation-i,False
72,tentacruel,water,poison,generation-i,False
73,geodude,rock,ground,generation-i,False
74,graveler,rock,ground,generation-i,False
75,golem,rock,ground,generation-i,False
76,ponyta,fire,,generation-i,False
77,rapidash,fire,,generation-i,False
78,slowpoke,water,psychic,generation-i,False
79,slowbro,water,psychic,generation-i,False
80,magnemite,electric,steel,generation-i,False
81,magneton,electric,steel,generation-i,False
82,farfetchd,normal,flying,generation-i,False
83,doduo,normal,flying,generation-i,False
84,dodrio,normal,flying,generation-i,False
85,seel,water,,generation-i,False
86,dewgong,water,ice,generation-i,False
87,grimer,poison,,generation-i,False
88,muk,poison,,generation-i,False
89,shellder,water,,generation-i,False
90,cloyster,water,ice,generation-i,False
91,gastly,ghost,poison,generation-i,False
92,haunter,ghost,poison,generation-i,False
93,gengar,ghost,poison,generation-i,False
94,onix,rock,ground,generation-i,False
95,drowzee,psychic,,generation-i,False
96,hypno,psychic,,generation-i,False
97,krabby,water,,generation-i,False
98,kingler,water,,generation-i,False
99,voltorb,electric,,generation-i,False
100,electrode,electric,,generation-i,False
101,exeggcute,grass,psychic,generation-i,False
102,exeggutor,grass,psychic,generation-i,False
103,cubone,ground,,generation-i,False
104,marowak,ground,,generation-i,False
105,hitmonlee,fighting,,generation-i,False
106,hitmonchan,fighting,,generation-i,False
107,lickitung,normal,,generation-i,False
108,koffing,poison,,generation-i,False
109,weezing,poison,,generation-i,False
110,rhyhorn,ground,rock,generation-i,False
111,rhydon,ground,rock,generation-i,False
112,chansey,normal,,generation-i,False
113,tangela,grass,,generation-i,False
114,kangaskhan,normal,,generation-i,False
115,horsea,water,,generation-i,False
116,seadra,water,,generation-i,False
117,goldeen,water,,generation-i,False
118,seaking,water,,generation-i,False
119,staryu,water,,generation-i,False
120,starmie,water,psychic,generation-i,False
121,mr-mime,psychic,fairy,generation-i,False
122,scyther,bug,flying,generation-i,False
123,jynx,ice,psychic,generation-i,False
124,electabuzz,electric,,generation-i,False
125,magmar,fire,,generation-i,False
126,pinsir,bug,,generation-i,False
127,tauros,normal,,generation-i,False
128,magikarp,water,,generation-i,False
129,gyarados,water,flying,generation-i,False
130,lapras,water,ice,generation-i,False
131,ditto,normal,,generation-i,False
132,eevee,normal,,generation-i,False
133,vaporeon,water,,generation-i,False
134,jolteon,electric,,generation-i,False
135,flareon,fire,,generation-i,False
136,porygon,normal,,generation-i,False
137,omanyte,rock,water,generation-i,False
138,omastar,rock,water,generation-i,False
139,kabuto,rock,water,generation-i,False
140,kabutops,rock,water,generation-i,False
141,aerodactyl,rock,flying,generation-i,False
142,snorlax,normal,,generation-i,False
143,articuno,ice,flying,generation-i,True
144,zapdos,electric,flying,generation-i,True
145,moltres,fire,flying,generation-i,True
146,dratini,dragon,,generation-i,False
147,dragonair,dragon,,generation-i,False
148,dragonite,dragon,flying,generation-i,False
149,mewtwo,psychic,,generation-i,True
150,mew,psychic,,generation-i,False
151,chikorita,grass,,generation-ii,False
152,bayleef,grass,,generation-ii,False
153,meganium,grass,,generation-ii,False
154,cyndaquil,fire,,generation-ii,False
155,quilava,fire,,generation-ii,False
156,typhlosion,fire,,generation-ii,False
157,totodile,water,,generation-ii,False
158,croconaw,water,,generation-ii,False
159,feraligatr,water,,generation-ii,False
160,sentret,normal,,generation-ii,False
161,furret,normal,,generation-ii,False
162,hoothoot,normal,flying,generation-ii,False
163,noctowl,normal,flying,generation-ii,False
164,ledyba,bug,flying,generation-ii,False
165,ledian,bug,flying,generation-ii,False
166,spinarak,bug,poison,generation-ii,False
167,ariados,bug,poison,generation-ii,False
168,crobat,poison,flying,generation-ii,False
169,chinchou,water,electric,generation-ii,False
170,lanturn,water,electric,generation-ii,False
171,pichu,electric,,generation-ii,False
172,cleffa,fairy,,generation-ii,False
173,igglybuff,normal,fairy,generation-ii,False
174,togepi,fairy,,generation-ii,False
175,togetic,fairy,flying,generation-ii,False
176,natu,psychic,flying,generation-ii,False
177,xatu,psychic,flying,generation-ii,False
178,mareep,electric,,generation-ii,False
179,flaaffy,electric,,generation-ii,False
180,ampharos,electric,,generation-ii,False
181,bellossom,grass,,generation-ii,False
182,marill,water,fairy,generation-ii,False
183,azumarill,water,fairy,generation-ii,False
184,sudowoodo,rock,,generation-ii,False
185,politoed,water,,generation-ii,False
186,hoppip,grass,flying,generation-ii,False
187,skiploom,grass,flying,generation-ii,False
188,jumpluff,grass,flying,generation-ii,False
189,aipom,normal,,generation-ii,False
190,sunkern,grass,,generation-ii,False
191,sunflora,grass,,generation-ii,False
192,yanma,bug,flying,generation-ii,False
193,wooper,water,ground,generation-ii,False
194,quagsire,water,ground,generation-ii,False
195,espeon,psychic,,generation-ii,False
196,umbreon,dark,,generation-ii,False
197,murkrow,dark,flying,generation-ii,False
198,slowking,water,psychic,generation-ii,False
199,misdreavus,ghost,,generation-ii,False
200,unown,psychic,,generation-ii,False
201,wobbuffet,psychic,,generation-ii,False
202,girafarig,normal,psychic,generation-ii,False
203,pineco,bug,,generation-ii,False
204,forretress,bug,steel,generation-ii,False
205,dunsparce,normal,,generation-ii,False
206,gligar,ground,flying,generation-ii,False
207,steelix,steel,ground,generation-ii,False
208,snubbull,fairy,,generation-ii,False
209,granbull,fairy,,generation-ii,False
210,qwilfish,water,poison,generation-ii,False
211,scizor,bug,steel,generation-ii,False
212,shuckle,bug,rock,generation-ii,False
213,heracross,bug,fighting,generation-ii,False
214,sneasel,dark,ice,generation-ii,False
215,teddiursa,normal,,generation-ii,False
216,ursaring,normal,,generation-ii,False
217,slugma,fire,,generation-ii,False
218,magcargo,fire,rock,generation-ii,False
219,swinub,ice,ground,generation-ii,False
220,piloswine,ice,ground,generation-ii,False
221,corsola,water,rock,generation-ii,False
222,remoraid,water,,generation-ii,False
223,octillery,water,,generation-ii,False
224,delibird,ice,flying,generation-ii,False
225,mantine,water,flying,generation-ii,False
226,skarmory,steel,flying,generation-ii,False
227,houndour,dark,fire,generation-ii,False
228,houndoom,dark,fire,generation-ii,False
229,kingdra,water,dragon,generation-ii,False
230,phanpy,ground,,generation-ii,False
231,donphan,ground,,generation-ii,False
232,porygon2,normal,,generation-ii,False
233,stantler,normal,,generation-ii,False
234,smeargle,normal,,generation-ii,False
235,tyrogue,fighting,,generation-ii,False
236,hitmontop,fighting,,generation-ii,False
237,smoochum,ice,psychic,generation-ii,False
238,elekid,electric,,generation-ii,False
239,magby,fire,,generation-ii,False
240,miltank,normal,,generation-ii,False
241,blissey,normal,,generation-ii,False
242,raikou,electric,,generation-ii,True
243,entei,fire,,generation-ii,True
244,suicune,water,,generation-ii,True
245,larvitar,rock,ground,generation-ii,False
246,pupitar,rock,ground,generation-ii,False
247,tyranitar,rock,dark,generation-ii,False
248,lugia,psychic,flying,generation-ii,True
249,ho-oh,fire,flying,generation-ii,True
250,celebi,psychic,grass,generation-ii,False
251,treecko,grass,,generation-iii,False
252,grovyle,grass,,generation-iii,False
253,sceptile,grass,,generation-iii,False
254,torchic,fire,,generation-iii,False
255,combusken,fire,fighting,generation-iii,False
256,blaziken,fire,fighting,generation-iii,False
257,mudkip,water,,generation-iii,False
258,marshtomp,water,ground,generation-iii,False
259,swampert,water,ground,generation-iii,False
260,poochyena,dark,,generation-iii,False
261,mightyena,dark,,generation-iii,False
262,zigzagoon,normal,,generation-iii,False
263,linoone,normal,,generation-iii,False
264,wurmple,bug,,generation-iii,False
265,silcoon,bug,,generation-iii,False
266,beautifly,bug,flying,generation-iii,False
267,cascoon,bug,,generation-iii,False
268,dustox,bug,poison,generation-iii,False
269,lotad,water,grass,generation-iii,False
270,lombre,water,grass,generation-iii,False
271,ludicolo,water,grass,generation-iii,False
272,seedot,grass,,generation-iii,False
273,nuzleaf,grass,dark,generation-iii,False
274,shiftry,grass,dark,generation-iii,False
275,taillow,normal,flying,generation-iii,False
276,swellow,normal,flying,generation-iii,False
277,wingull,water,flying,generation-iii,False
278,pelipper,water,flying,generation-iii,False
279,ralts,psychic,fairy,generation-iii,False
280,kirlia,psychic,fairy,generation-iii,False
281,gardevoir,psychic,fairy,generation-iii,False
282,surskit,bug,water,generation-iii,False
283,masquerain,bug,flying,generation-iii,False
284,shroomish,grass,,generation-iii,False
285,breloom,grass,fighting,generation-iii,False
286,slakoth,normal,,generation-iii,False
287,vigoroth,normal,,generation-iii,False
288,slaking,normal,,generation-iii,False
289,nincada,bug,ground,generation-iii,False
290,ninjask,bug,flying,generation-iii,False
291,shedinja,bug,ghost,generation-iii,False
292,whismur,normal,,generation-iii,False
293,loudred,normal,,generation-iii,False
294,exploud,normal,,generation-iii,False
295,makuhita,fighting,,generation-iii,False
296,hariyama,fighting,,generation-iii,False
297,azurill,normal,fairy,generation-iii,False
298,nosepass,rock,,generation-iii,False
299,skitty,normal,,generation-iii,False
300,delcatty,normal,,generation-iii,False
301,sableye,dark,ghost,generation-iii,False
302,mawile,steel,fairy,generation-iii,False
303,aron,steel,rock,generation-iii,False
304,lairon,steel,rock,generation-iii,False
305,aggron,steel,rock,generation-iii,False
306,meditite,fighting,psychic,generation-iii,False
307,medicham,fighting,psychic,generation-iii,False
308,electrike,electric,,generation-iii,False
309,manectric,electric,,generation-iii,False
310,plusle,electric,,generation-iii,False
311,minun,electric,,generation-iii,False
312,volbeat,bug,,generation-iii,False
313,illumise,bug,,generation-iii,False
314,roselia,grass,poison,generation-iii,False
315,gulpin,poison,,generation-iii,False
316,swalot,poison,,generation-iii,False
317,carvanha,water,dark,generation-iii,False
318,sharpedo,water,dark,generation-iii,False
319,wailmer,water,,generation-iii,False
320,wailord,water,,generation-iii,False
321,numel,fire,ground,generation-iii,False
322,camerupt,fire,ground,generation-iii,False
323,torkoal,fire,,generation-iii,False
324,spoink,psychic,,generation-iii,False
325,grumpig,psychic,,generation-iii,False
326,spinda,normal,,generation-iii,False
327,trapinch,ground,,generation-iii,False
328,vibrava,ground,dragon,generation-iii,False
329,flygon,ground,dragon,generation-iii,False
330,cacnea,grass,,generation-iii,False
331,cacturne,grass,dark,generation-iii,False
332,swablu,normal,flying,generation-iii,False
333,altaria,dragon,flying,generation-iii,False
334,zangoose,normal,,generation-iii,False
335,seviper,poison,,generation-iii,False
336,lunatone,rock,psychic,generation-iii,False
337,solrock,rock,psychic,generation-iii,False
338,barboach,water,ground,generation-iii,False
339,whiscash,water,ground,generation-iii,False
340,corphish,water,,generation-iii,False
341,crawdaunt,water,dark,generation-iii,False
342,baltoy,ground,psychic,generation-iii,False
343,claydol,ground,psychic,generation-iii,False
344,lileep,rock,grass,generation-iii,False
345,cradily,rock,grass,generation-iii,False
346,anorith,rock,bug,generation-iii,False
347,armaldo,rock,bug,generation-iii,False
348,feebas,water,,generation-iii,False
349,milotic,water,,generation-iii,False
350,castform,normal,,generation-iii,False
351,kecleon,normal,,generation-iii,False
352,shuppet,ghost,,generation-iii,False
353,banette,ghost,,generation-iii,False
354,duskull,ghost,,generation-iii,False
355,dusclops,ghost,,generation-iii,False
356,tropius,grass,flying,generation-iii,False
357,chimecho,psychic,,generation-iii,False
358,absol,dark,,generation-iii,False
359,wynaut,psychic,,generation-iii,False
360,snorunt,ice,,generation-iii,False
361,glalie,ice,,generation-iii,False
362,spheal,ice,water,generation-iii,False
363,sealeo,ice,water,generation-iii,False
364,walrein,ice,water,generation-iii,False
365,clamperl,water,,generation-iii,False
366,huntail,water,,generation-iii,False
367,gorebyss,water,,generation-iii,False
368,relicanth,water,rock,generation-iii,False
369,luvdisc,water,,generation-iii,False
370,bagon,dragon,,generation-iii,False
371,shelgon,dragon,,generation-iii,False
372,salamence,dragon,flying,generation-iii,False
373,beldum,steel,psychic,generation-iii,False
374,metang,steel,psychic,generation-iii,False
375,metagross,steel,psychic,generation-iii,False
376,regirock,rock,,generation-iii,True
377,regice,ice,,generation-iii,True
378,registeel,steel,,generation-iii,True
379,latias,dragon,psychic,generation-iii,True
380,latios,dragon,psychic,generation-iii,True
381,kyogre,water,,generation-iii,True
382,groudon,ground,,generation-iii,True
383,rayquaza,dragon,flying,generation-iii,True
384,jirachi,steel,psychic,generation-iii,False
385,deoxys-normal,psychic,,generation-iii,False
386,turtwig,grass,,generation-iv,False
387,grotle,grass,,generation-iv,False
388,torterra,grass,ground,generation-iv,False
389,chimchar,fire,,generation-iv,False
390,monferno,fire,fighting,generation-iv,False
391,infernape,fire,fighting,generation-iv,False
392,piplup,water,,generation-iv,False
393,prinplup,water,,generation-iv,False
394,empoleon,water,steel,generation-iv,False
395,starly,normal,flying,generation-iv,False
396,staravia,normal,flying,generation-iv,False
397,staraptor,normal,flying,generation-iv,False
398,bidoof,normal,,generation-iv,False
399,bibarel,normal,water,generation-iv,False
400,kricketot,bug,,generation-iv,False
401,kricketune,bug,,generation-iv,False
402,shinx,electric,,generation-iv,False
403,luxio,electric,,generation-iv,False
404,luxray,electric,,generation-iv,False
405,budew,grass,poison,generation-iv,False
406,roserade,grass,poison,generation-iv,False
407,cranidos,rock,,generation-iv,False
408,rampardos,rock,,generation-iv,False
409,shieldon,rock,steel,generation-iv,False
410,bastiodon,rock,steel,generation-iv,False
411,burmy,bug,,generation-iv,False
412,wormadam-plant,bug,grass,generation-iv,False
413,mothim,bug,flying,generation-iv,False
414,combee,bug,flying,generation-iv,False
415,vespiquen,bug,flying,generation-iv,False
416,pachirisu,electric,,generation-iv,False
417,buizel,water,,generation-iv,False
418,floatzel,water,,generation-iv,False
419,cherubi,grass,,generation-iv,False
420,cherrim,grass,,generation-iv,False
421,shellos,water,,generation-iv,False
422,gastrodon,water,ground,generation-iv,False
423,ambipom,normal,,generation-iv,False
424,drifloon,ghost,flying,generation-iv,False
425,drifblim,ghost,flying,generation-iv,False
426,buneary,normal,,generation-iv,False
427,lopunny,normal,,generation-iv,False
428,mismagius,ghost,,generation-iv,False
429,honchkrow,dark,flying,generation-iv,False
430,glameow,normal,,generation-iv,False
431,purugly,normal,,generation-iv,False
432,chingling,psychic,,generation-iv,False
433,stunky,poison,dark,generation-iv,False
434,skuntank,poison,dark,generation-iv,False
435,bronzor,steel,psychic,generation-iv,False
436,bronzong,steel,psychic,generation-iv,False
437,bonsly,rock,,generation-iv,False
438,mime-jr,psychic,fairy,generation-iv,False
439,happiny,normal,,generation-iv,False
440,chatot,normal,flying,generation-iv,False
441,spiritomb,ghost,dark,generation-iv,False
442,gible,dragon,ground,generation-iv,False
443,gabite,dragon,ground,generation-iv,False
444,garchomp,dragon,ground,generation-iv,False
445,munchlax,normal,,generation-iv,False
446,riolu,fighting,,generation-iv,False
447,lucario,fighting,steel,generation-iv,False
448,hippopotas,ground,,generation-iv,False
449,hippowdon,ground,,generation-iv,False
450,skorupi,poison,bug,generation-iv,False
451,drapion,poison,dark,generation-iv,False
452,croagunk,poison,fighting,generation-iv,False
453,toxicroak,poison,fighting,generation-iv,False
454,carnivine,grass,,generation-iv,False
455,finneon,water,,generation-iv,False
456,lumineon,water,,generation-iv,False
457,mantyke,water,flying,generation-iv,False
458,snover,grass,ice,generation-iv,False
459,abomasnow,grass,ice,generation-iv,False
460,weavile,dark,ice,generation-iv,False
461,magnezone,electric,steel,generation-iv,False
462,lickilicky,normal,,generation-iv,False
463,rhyperior,ground,rock,generation-iv,False
464,tangrowth,grass,,generation-iv,False
465,electivire,electric,,generation-iv,False
466,magmortar,fire,,generation-iv,False
467,togekiss,fairy,flying,generation-iv,False
468,yanmega,bug,flying,generation-iv,False
469,leafeon,grass,,generation-iv,False
470,glaceon,ice,,generation-iv,False
471,gliscor,ground,flying,generation-iv,False
472,mamoswine,ice,ground,generation-iv,False
473,porygon-z,normal,,generation-iv,False
474,gallade,psychic,fighting,generation-iv,False
475,probopass,rock,steel,generation-iv,False
476,dusknoir,ghost,,generation-iv,False
477,froslass,ice,ghost,generation-iv,False
478,rotom,electric,ghost,generation-iv,False
479,uxie,psychic,,generation-iv,True
480,mesprit,psychic,,generation-iv,True
481,azelf,psychic,,generation-iv,True
482,dialga,steel,dragon,generation-iv,True
483,palkia,water,dragon,generation-iv,True
484,heatran,fire,steel,generation-iv,True
485,regigigas,normal,,generation-iv,True
486,giratina-altered,ghost,dragon,generation-iv,True
487,cresselia,psychic,,generation-iv,True
488,phione,water,,generation-iv,False
489,manaphy,water,,generation-iv,False
490,darkrai,dark,,generation-iv,False
491,shaymin-land,grass,,generation-iv,False
492,arceus,normal,,generation-iv,False
493,victini,psychic,fire,generation-v,False
494,snivy,grass,,generation-v,False
495,servine,grass,,generation-v,False
496,serperior,grass,,generation-v,False
497,tepig,fire,,generation-v,False
498,pignite,fire,fighting,generation-v,False
499,emboar,fire,fighting,generation-v,False
500,oshawott,water,,generation-v,False
501,dewott,water,,generation-v,False
502,samurott,water,,generation-v,False
503,patrat,normal,,generation-v,False
504,watchog,normal,,generation-v,False
505,lillipup,normal,,generation-v,False
506,herdier,normal,,generation-v,False
507,stoutland,normal,,generation-v,False
508,purrloin,dark,,generation-v,False
509,liepard,dark,,generation-v,False
510,pansage,grass,,generation-v,False
511,simisage,grass,,generation-v,False
512,pansear,fire,,generation-v,False
513,simisear,fire,,generation-v,False
514,panpour,water,,generation-v,False
515,simipour,water,,generation-v,False
516,munna,psychic,,generation-v,False
517,musharna,psychic,,generation-v,False
518,pidove,normal,flying,generation-v,False
519,tranquill,normal,flying,generation-v,False
520,unfezant,normal,flying,generation-v,False
521,blitzle,electric,,generation-v,False
522,zebstrika,electric,,generation-v,False
523,roggenrola,rock,,generation-v,False
524,boldore,rock,,generation-v,False
525,gigalith,rock,,generation-v,False
526,woobat,psychic,flying,generation-v,False
527,swoobat,psychic,flying,generation-v,False
528,drilbur,ground,,generation-v,False
529,excadrill,ground,steel,generation-v,False
530,audino,normal,,generation-v,False
531,timburr,fighting,,generation-v,False
532,gurdurr,fighting,,generation-v,False
533,conkeldurr,fighting,,generation-v,False
534,tympole,water,,generation-v,False
535,palpitoad,water,ground,generation-v,False
536,seismitoad,water,ground,generation-v,False
537,throh,fighting,,generation-v,False
538,sawk,fighting,,generation-v,False
539,sewaddle,bug,grass,generation-v,False
540,swadloon,bug,grass,generation-v,False
541,leavanny,bug,grass,generation-v,False
542,venipede,bug,poison,generation-v,False
543,whirlipede,bug,poison,generation-v,False
544,scolipede,bug,poison,generation-v,False
545,cottonee,grass,fairy,generation-v,False
546,whimsicott,grass,fairy,generation-v,False
547,petilil,grass,,generation-v,False
548,lilligant,grass,,generation-v,False
549,basculin-red-striped,water,,generation-v,False
550,sandile,ground,dark,generation-v,False
551,krokorok,ground,dark,generation-v,False
552,krookodile,ground,dark,generation-v,False
553,darumaka,fire,,generation-v,False
554,darmanitan-standard,fire,,generation-v,False
555,maractus,grass,,generation-v,False
556,dwebble,bug,rock,generation-v,False
557,crustle,bug,rock,generation-v,False
558,scraggy,dark,fighting,generation-v,False
559,scrafty,dark,fighting,generation-v,False
560,sigilyph,psychic,flying,generation-v,False
561,yamask,ghost,,generation-v,False
562,cofagrigus,ghost,,generation-v,False
563,tirtouga,water,rock,generation-v,False
564,carracosta,water,rock,generation-v,False
565,archen,rock,flying,generation-v,False
566,archeops,rock,flying,generation-v,False
567,trubbish,poison,,generation-v,False
568,garbodor,poison,,generation-v,False
569,zorua,dark,,generation-v,False
570,zoroark,dark,,generation-v,False
571,minccino,normal,,generation-v,False
572,cinccino,normal,,generation-v,False
573,gothita,psychic,,generation-v,False
574,gothorita,psychic,,generation-v,False
575,gothitelle,psychic,,generation-v,False
576,solosis,psychic,,generation-v,False
577,duosion,psychic,,generation-v,False
578,reuniclus,psychic,,generation-v,False
579,ducklett,water,flying,generation-v,False
580,swanna,water,flying,generation-v,False
581,vanillite,ice,,generation-v,False
582,vanillish,ice,,generation-v,False
583,vanilluxe,ice,,generation-v,False
584,deerling,normal,grass,generation-v,False
585,sawsbuck,normal,grass,generation-v,False
586,emolga,electric,flying,generation-v,False
587,karrablast,bug,,generation-v,False
588,escavalier,bug,steel,generation-v,False
589,foongus,grass,poison,generation-v,False
590,amoonguss,grass,poison,generation-v,False
591,frillish,water,ghost,generation-v,False
592,jellicent,water,ghost,generation-v,False
593,alomomola,water,,generation-v,False
594,joltik,bug,electric,generation-v,False
595,galvantula,bug,electric,generation-v,False
596,ferroseed,grass,steel,generation-v,False
597,ferrothorn,grass,steel,generation-v,False
598,klink,steel,,generation-v,False
599,klang,steel,,generation-v,False
600,klinklang,steel,,generation-v,False
601,tynamo,electric,,generation-v,False
602,eelektrik,electric,,generation-v,False
603,eelektross,electric,,generation-v,False
604,elgyem,psychic,,generation-v,False
605,beheeyem,psychic,,generation-v,False
606,litwick,ghost,fire,generation-v,False
607,lampent,ghost,fire,generation-v,False
608,chandelure,ghost,fire,generation-v,False
609,axew,dragon,,generation-v,False
610,fraxure,dragon,,generation-v,False
611,haxorus,dragon,,generation-v,False
612,cubchoo,ice,,generation-v,False
613,beartic,ice,,generation-v,False
614,cryogonal,ice,,generation-v,False
615,shelmet,bug,,generation-v,False
616,accelgor,bug,,generation-v,False
617,stunfisk,ground,electric,generation-v,False
618,mienfoo,fighting,,generation-v,False
619,mienshao,fighting,,generation-v,False
620,druddigon,dragon,,generation-v,False
621,golett,ground,ghost,generation-v,False
622,golurk,ground,ghost,generation-v,False
623,pawniard,dark,steel,generation-v,False
624,bisharp,dark,steel,generation-v,False
625,bouffalant,normal,,generation-v,False
626,rufflet,normal,flying,generation-v,False
627,braviary,normal,flying,generation-v,False
628,vullaby,dark,flying,generation-v,False
629,mandibuzz,dark,flying,generation-v,False
630,heatmor,fire,,generation-v,False
631,durant,bug,steel,generation-v,False
632,deino,dark,dragon,generation-v,False
633,zweilous,dark,dragon,generation-v,False
634,hydreigon,dark,dragon,generation-v,False
635,larvesta,bug,fire,generation-v,False
636,volcarona,bug,fire,generation-v,False
637,cobalion,steel,fighting,generation-v,True
638,terrakion,rock,fighting,generation-v,True
639,virizion,grass,fighting,generation-v,True
640,tornadus-incarnate,flying,,generation-v,True
641,thundurus-incarnate,electric,flying,generation-v,True
642,reshiram,dragon,fire,generation-v,True
643,zekrom,dragon,electric,generation-v,True
644,landorus-incarnate,ground,flying,generation-v,True
645,kyurem,dragon,ice,generation-v,True
646,keldeo-ordinary,water,fighting,generation-v,False
647,meloetta-aria,normal,psychic,generation-v,False
648,genesect,bug,steel,generation-v,False
649,chespin,grass,,generation-vi,False
650,quilladin,grass,,generation-vi,False
651,chesnaught,grass,fighting,generation-vi,False
652,fennekin,fire,,generation-vi,False
653,braixen,fire,,generation-vi,False
654,delphox,fire,psychic,generation-vi,False
655,froakie,water,,generation-vi,False
656,frogadier,water,,generation-vi,False
657,greninja,water,dark,generation-vi,False
658,bunnelby,normal,,generation-vi,False
659,diggersby,normal,ground,generation-vi,False
660,fletchling,normal,flying,generation-vi,False
661,fletchinder,fire,flying,generation-vi,False
662,talonflame,fire,flying,generation-vi,False
663,scatterbug,bug,,generation-vi,False
664,spewpa,bug,,generation-vi,False
665,vivillon,bug,flying,generation-vi,False
666,litleo,fire,normal,generation-vi,False
667,pyroar,fire,normal,generation-vi,False
668,flabebe,fairy,,generation-vi,False
669,floette,fairy,,generation-vi,False
670,florges,fairy,,generation-vi,False
671,skiddo,grass,,generation-vi,False
672,gogoat,grass,,generation-vi,False
673,pancham,fighting,,generation-vi,False
674,pangoro,fighting,dark,generation-vi,False
675,furfrou,normal,,generation-vi,False
676,espurr,psychic,,generation-vi,False
677,meowstic-male,psychic,,generation-vi,False
678,honedge,steel,ghost,generation-vi,False
679,doublade,steel,ghost,generation-vi,False
680,aegislash-shield,steel,ghost,generation-vi,False
681,spritzee,fairy,,generation-vi,False
682,aromatisse,fairy,,generation-vi,False
683,swirlix,fairy,,generation-vi,False
684,slurpuff,fairy,,generation-vi,False
685,inkay,dark,psychic,generation-vi,False
686,malamar,dark,psychic,generation-vi,False
687,binacle,rock,water,generation-vi,False
688,barbaracle,rock,water,generation-vi,False
689,skrelp,poison,water,generation-vi,False
690,dragalge,poison,dragon,generation-vi,False
691,clauncher,water,,generation-vi,False
692,clawitzer,water,,generation-vi,False
693,helioptile,electric,normal,generation-vi,False
694,heliolisk,electric,normal,generation-vi,False
695,tyrunt,rock,dragon,generation-vi,False
696,tyrantrum,rock,dragon,generation-vi,False
697,amaura,rock,ice,generation-vi,False
698,aurorus,rock,ice,generation-vi,False
699,sylveon,fairy,,generation-vi,False
700,hawlucha,fighting,flying,generation-vi,False
701,dedenne,electric,fairy,generation-vi,False
702,carbink,rock,fairy,generation-vi,False
703,goomy,dragon,,generation-vi,False
704,sliggoo,dragon,,generation-vi,False
705,goodra,dragon,,generation-vi,False
706,klefki,steel,fairy,generation-vi,False
707,phantump,ghost,grass,generation-vi,False
708,trevenant,ghost,grass,generation-vi,False
709,pumpkaboo-average,ghost,grass,generation-vi,False
710,gourgeist-average,ghost,grass,generation-vi,False
711,bergmite,ice,,generation-vi,False
712,avalugg,ice,,generation-vi,False
713,noibat,flying,dragon,generation-vi,False
714,noivern,flying,dragon,generation-vi,False
715,xerneas,fairy,,generation-vi,True
716,yveltal,dark,flying,generation-vi,True
717,zygarde-50,dragon,ground,generation-vi,True
718,diancie,rock,fairy,generation-vi,False
719,hoopa,psychic,ghost,generation-vi,False
720,volcanion,fire,water,generation-vi,False
721,rowlet,grass,flying,generation-vii,False
722,dartrix,grass,flying,generation-vii,False
723,decidueye,grass,ghost,generation-vii,False
724,litten,fire,,generation-vii,False
725,torracat,fire,,generation-vii,False
726,incineroar,fire,dark,generation-vii,False
727,popplio,water,,generation-vii,False
728,brionne,water,,generation-vii,False
729,primarina,water,fairy,generation-vii,False
730,pikipek,normal,flying,generation-vii,False
731,trumbeak,normal,flying,generation-vii,False
732,toucannon,normal,flying,generation-vii,False
733,yungoos,normal,,generation-vii,False
734,gumshoos,normal,,generation-vii,False
735,grubbin,bug,,generation-vii,False
736,charjabug,bug,electric,generation-vii,False
737,vikavolt,bug,electric,generation-vii,False
738,crabrawler,fighting,,generation-vii,False
739,crabominable,fighting,ice,generation-vii,False
740,oricorio-baile,fire,flying,generation-vii,False
741,cutiefly,bug,fairy,generation-vii,False
742,ribombee,bug,fairy,generation-vii,False
743,rockruff,rock,,generation-vii,False
744,lycanroc-midday,rock,,generation-vii,False
745,wishiwashi-solo,water,,generation-vii,False
746,mareanie,poison,water,generation-vii,False
747,toxapex,poison,water,generation-vii,False
748,mudbray,ground,,generation-vii,False
749,mudsdale,ground,,generation-vii,False
750,dewpider,water,bug,generation-vii,False
751,araquanid,water,bug,generation-vii,False
752,fomantis,grass,,generation-vii,False
753,lurantis,grass,,generation-vii,False
754,morelull,grass,fairy,generation-vii,False
755,shiinotic,grass,fairy,generation-vii,False
756,salandit,poison,fire,generation-vii,False
757,salazzle,poison,fire,generation-vii,False
758,stufful,normal,fighting,generation-vii,False
759,bewear,normal,fighting,generation-vii,False
760,bounsweet,grass,,generation-vii,False
761,steenee,grass,,generation-vii,False
762,tsareena,grass,,generation-vii,False
763,comfey,fairy,,generation-vii,False
764,oranguru,normal,psychic,generation-vii,False
765,passimian,fighting,,generation-vii,False
766,wimpod,bug,water,generation-vii,False
767,golisopod,bug,water,generation-vii,False
768,sandygast,ghost,ground,generation-vii,False
769,palossand,ghost,ground,generation-vii,False
770,pyukumuku,water,,generation-vii,False
771,type-null,normal,,generation-vii,False
772,silvally,normal,,generation-vii,True
773,minior-red-meteor,rock,flying,generation-vii,False
774,komala,normal,,generation-vii,False
775,turtonator,fire,dragon,generation-vii,False
776,togedemaru,electric,steel,generation-vii,False
777,mimikyu-disguised,ghost,fairy,generation-vii,False
778,bruxish,water,psychic,generation-vii,False
779,drampa,normal,dragon,generation-vii,False
780,dhelmise,ghost,grass,generation-vii,False
781,jangmo-o,dragon,,generation-vii,False
782,hakamo-o,dragon,fighting,generation-vii,False
783,kommo-o,dragon,fighting,generation-vii,False
784,tapu-koko,electric,fairy,generation-vii,True
785,tapu-lele,psychic,fairy,generation-vii,True
786,tapu-bulu,grass,fairy,generation-vii,True
787,tapu-fini,water,fairy,generation-vii,True
788,cosmog,psychic,,generation-vii,True
789,cosmoem,psychic,,generation-vii,True
790,solgaleo,psychic,steel,generation-vii,True
791,lunala,psychic,ghost,generation-vii,True
792,nihilego,rock,poison,generation-vii,False
793,buzzwole,bug,fighting,generation-vii,False
794,pheromosa,bug,fighting,generation-vii,False
795,xurkitree,electric,,generation-vii,False
796,celesteela,steel,flying,generation-vii,False
797,kartana,grass,steel,generation-vii,False
798,guzzlord,dark,dragon,generation-vii,False
799,necrozma,psychic,,generation-vii,True
800,magearna,steel,fairy,generation-vii,False
801,marshadow,fighting,ghost,generation-vii,False
802,poipole,poison,,generation-vii,False
803,naganadel,poison,dragon,generation-vii,False
804,stakataka,rock,steel,generation-vii,False
805,blacephalon,fire,ghost,generation-vii,False
806,zeraora,electric,,generation-vii,False
807,meltan,steel,,generation-vii,False
808,melmetal,steel,,generation-vii,False
809,grookey,grass,,generation-viii,False
810,thwackey,grass,,generation-viii,False
811,rillaboom,grass,,generation-viii,False
812,scorbunny,fire,,generation-viii,False
813,raboot,fire,,generation-viii,False
814,cinderace,fire,,generation-viii,False
815,sobble,water,,generation-viii,False
816,drizzile,water,,generation-viii,False
817,inteleon,water,,generation-viii,False
818,skwovet,normal,,generation-viii,False
819,greedent,normal,,generation-viii,False
820,rookidee,flying,,generation-viii,False
821,corvisquire,flying,,generation-viii,False
822,corviknight,flying,steel,generation-viii,False
823,blipbug,bug,,generation-viii,False
824,dottler,bug,psychic,generation-viii,False
825,orbeetle,bug,psychic,generation-viii,False
826,nickit,dark,,generation-viii,False
827,thievul,dark,,generation-viii,False
828,gossifleur,grass,,generation-viii,False
829,eldegoss,grass,,generation-viii,False
830,wooloo,normal,,generation-viii,False
831,dubwool,normal,,generation-viii,False
832,chewtle,water,,generation-viii,False
833,drednaw,water,rock,generation-viii,False
834,yamper,electric,,generation-viii,False
835,boltund,electric,,generation-viii,False
836,rolycoly,rock,,generation-viii,False
837,carkol,rock,fire,generation-viii,False
838,coalossal,rock,fire,generation-viii,False
839,applin,grass,dragon,generation-viii,False
840,flapple,grass,dragon,generation-viii,False
841,appletun,grass,dragon,generation-viii,False
842,silicobra,ground,,generation-viii,False
843,sandaconda,ground,,generation-viii,False
844,cramorant,flying,water,generation-viii,False
845,arrokuda,water,,generation-viii,False
846,barraskewda,water,,generation-viii,False
847,toxel,electric,poison,generation-viii,False
848,toxtricity-amped,electric,poison,generation-viii,False
849,sizzlipede,fire,bug,generation-viii,False
850,centiskorch,fire,bug,generation-viii,False
851,clobbopus,fighting,,generation-viii,False
852,grapploct,fighting,,generation-viii,False
853,sinistea,ghost,,generation-viii,False
854,polteageist,ghost,,generation-viii,False
855,hatenna,psychic,,generation-viii,False
856,hattrem,psychic,,generation-viii,False
857,hatterene,psychic,fairy,generation-viii,False
858,impidimp,dark,fairy,generation-viii,False
859,morgrem,dark,fairy,generation-viii,False
860,grimmsnarl,dark,fairy,generation-viii,False
861,obstagoon,dark,normal,generation-viii,False
862,perrserker,steel,,generation-viii,False
863,cursola,ghost,,generation-viii,False
864,sirfetchd,fighting,,generation-viii,False
865,mr-rime,ice,psychic,generation-viii,False
866,runerigus,ground,ghost,generation-viii,False
867,milcery,fairy,,generation-viii,False
868,alcremie,fairy,,generation-viii,False
869,falinks,fighting,,generation-viii,False
870,pincurchin,electric,,generation-viii,False
871,snom,ice,bug,generation-viii,False
872,frosmoth,ice,bug,generation-viii,False
873,stonjourner,rock,,generation-viii,False
874,eiscue-ice,ice,,generation-viii,False
875,indeedee-male,psychic,normal,generation-viii,False
876,morpeko-full-belly,electric,dark,generation-viii,False
877,cufant,steel,,generation-viii,False
878,copperajah,steel,,generation-viii,False
879,dracozolt,electric,dragon,generation-viii,False
880,arctozolt,electric,ice,generation-viii,False
881,dracovish,water,dragon,generation-viii,False
882,arctovish,water,ice,generation-viii,False
883,duraludon,steel,dragon,generation-viii,False
884,dreepy,dragon,ghost,generation-viii,False
885,drakloak,dragon,ghost,generation-viii,False
886,dragapult,dragon,ghost,generation-viii,False
887,zacian,fairy,,generation-viii,True
888,zamazenta,fighting,,generation-viii,True
889,eternatus,poison,dragon,generation-viii,True
890,kubfu,fighting,,generation-viii,True
891,urshifu-single-strike,fighting,dark,generation-viii,True
892,zarude,dark,grass,generation-viii,False
893,regieleki,electric,,generation-viii,True
894,regidrago,dragon,,generation-viii,True
895,glastrier,ice,,generation-viii,True
896,spectrier,ghost,,generation-viii,True
897,calyrex,psychic,grass,generation-viii,True
898,wyrdeer,normal,psychic,generation-viii,False
899,kleavor,bug,rock,generation-viii,False
900,ursaluna,ground,normal,generation-viii,False
901,basculegion-male,water,ghost,generation-viii,False
902,sneasler,fighting,poison,generation-viii,False
903,overqwil,dark,poison,generation-viii,False
904,enamorus-incarnate,fairy,flying,generation-viii,True
905,sprigatito,grass,,generation-ix,False
906,floragato,grass,,generation-ix,False
907,meowscarada,grass,dark,generation-ix,False
908,fuecoco,fire,,generation-ix,False
909,crocalor,fire,,generation-ix,False
910,skeledirge,fire,ghost,generation-ix,False
911,quaxly,water,,generation-ix,False
912,quaxwell,water,,generation-ix,False
913,quaquaval,water,fighting,generation-ix,False
914,lechonk,normal,,generation-ix,False
915,oinkologne,normal,,generation-ix,False
916,tarountula,bug,,generation-ix,False
917,spidops,bug,,generation-ix,False
918,nymble,bug,,generation-ix,False
919,lokix,bug,dark,generation-ix,False
920,pawmi,electric,,generation-ix,False
921,pawmo,electric,fighting,generation-ix,False
922,pawmot,electric,fighting,generation-ix,False
923,tandemaus,normal,,generation-ix,False
924,maushold,normal,,generation-ix,False
925,fidough,fairy,,generation-ix,False
926,dachsbun,fairy,,generation-ix,False
927,smoliv,grass,normal,generation-ix,False
928,dolliv,grass,normal,generation-ix,False
929,arboliva,grass,normal,generation-ix,False
930,squawkabilly,normal,flying,generation-ix,False
931,nacli,rock,,generation-ix,False
932,naclstack,rock,,generation-ix,False
933,garganacl,rock,,generation-ix,False
934,charcadet,fire,,generation-ix,False
935,armarouge,fire,psychic,generation-ix,False
936,ceruledge,fire,ghost,generation-ix,False
937,tadbulb,electric,,generation-ix,False
938,bellibolt,electric,,generation-ix,False
939,wattrel,electric,flying,generation-ix,False
940,kilowattrel,electric,flying,generation-ix,False
941,maschiff,dark,,generation-ix,False
942,mabosstiff,dark,,generation-ix,False
943,shroodle,poison,normal,generation-ix,False
944,grafaiai,poison,normal,generation-ix,False
945,bramblin,grass,ghost,generation-ix,False
946,brambleghast,grass,ghost,generation-ix,False
947,toedscool,ground,grass,generation-ix,False
948,toedscruel,ground,grass,generation-ix,False
949,klawf,rock,,generation-ix,False
950,capsakid,grass,,generation-ix,False
951,scovillain,grass,fire,generation-ix,False
952,rellor,bug,,generation-ix,False
953,rabsca,bug,psychic,generation-ix,False
954,flittle,psychic,,generation-ix,False
955,espathra,psychic,,generation-ix,False
956,tinkatink,fairy,steel,generation-ix,False
957,tinkatuff,fairy,steel,generation-ix,False
958,tinkaton,fairy,steel,generation-ix,False
959,wiglett,water,,generation-ix,False
960,wugtrio,water,,generation-ix,False
961,bombirdier,flying,dark,generation-ix,False
962,finizen,water,,generation-ix,False
963,palafin,water,,generation-ix,False
964,varoom,steel,poison,generation-ix,False
965,revavroom,steel,poison,generation-ix,False
966,cyclizar,dragon,normal,generation-ix,False
967,orthworm,steel,,generation-ix,False
968,glimmet,rock,poison,generation-ix,False
969,glimmora,rock,poison,generation-ix,False
970,greavard,ghost,,generation-ix,False
971,houndstone,ghost,,generation-ix,False
972,flamigo,flying,fighting,generation-ix,False
973,cetoddle,ice,,generation-ix,False
974,cetitan,ice,,generation-ix,False
975,veluza,water,psychic,generation-ix,False
976,dondozo,water,,generation-ix,False
977,tatsugiri,dragon,water,generation-ix,False
978,annihilape,fighting,ghost,generation-ix,False
979,clodsire,poison,ground,generation-ix,False
980,farigiraf,normal,psychic,generation-ix,False
981,dudunsparce,normal,,generation-ix,False
982,kingambit,dark,steel,generation-ix,False
983,great-tusk,ground,fighting,generation-ix,False
984,scream-tail,fairy,psychic,generation-ix,False
985,brute-bonnet,grass,dark,generation-ix,False
986,flutter-mane,ghost,fairy,generation-ix,False
987,slither-wing,bug,fighting,generation-ix,False
988,sandy-shocks,electric,ground,generation-ix,False
989,iron-treads,ground,steel,generation-ix,False
990,iron-bundle,ice,water,generation-ix,False
991,iron-hands,fighting,electric,generation-ix,False
992,iron-jugulis,dark,flying,generation-ix,False
993,iron-moth,fire,poison,generation-ix,False
994,iron-thorns,rock,electric,generation-ix,False
995,frigibax,dragon,ice,generation-ix,False
996,arctibax,dragon,ice,generation-ix,False
997,baxcalibur,dragon,ice,generation-ix,False
998,gimmighoul,ghost,,generation-ix,False
999,gholdengo,steel,ghost,generation-ix,False
1000,wo-chien,dark,grass,generation-ix,True
1001,chien-pao,dark,ice,generation-ix,True
1002,ting-lu,dark,ground,generation-ix,True
1003,chi-yu,dark,fire,generation-ix,True
1004,roaring-moon,dragon,dark,generation-ix,False
1005,iron-valiant,fairy,fighting,generation-ix,False
1006,koraidon,fighting,dragon,generation-ix,True
1007,miraidon,electric,dragon,generation-ix,True
1008,walking-wake,water,dragon,generation-ix,False
1009,iron-leaves,grass,psychic,generation-ix,False
1010,deoxys-attack,psychic,,generation-iii,False
1011,deoxys-defense,psychic,,generation-iii,False
1012,deoxys-speed,psychic,,generation-iii,False
1013,wormadam-sandy,bug,ground,generation-iv,False
1014,wormadam-trash,bug,steel,generation-iv,False
1015,shaymin-sky,grass,flying,generation-iv,False
1016,giratina-origin,ghost,dragon,generation-iv,True
1017,rotom-heat,electric,fire,generation-iv,False
1018,rotom-wash,electric,water,generation-iv,False
1019,rotom-frost,electric,ice,generation-iv,False
1020,rotom-fan,electric,flying,generation-iv,False
1021,rotom-mow,electric,grass,generation-iv,False
1022,castform-sunny,fire,,generation-iii,False
1023,castform-rainy,water,,generation-iii,False
1024,castform-snowy,ice,,generation-iii,False
1025,basculin-blue-striped,water,,generation-v,False
1026,darmanitan-zen,fire,psychic,generation-v,False
1027,meloetta-pirouette,normal,fighting,generation-v,False
1028,tornadus-therian,flying,,generation-v,True
1029,thundurus-therian,electric,flying,generation-v,True
1030,landorus-therian,ground,flying,generation-v,True
1031,kyurem-black,dragon,ice,generation-v,True
1032,kyurem-white,dragon,ice,generation-v,True
1033,keldeo-resolute,water,fighting,generation-v,False
1034,meowstic-female,psychic,,generation-vi,False
1035,aegislash-blade,steel,ghost,generation-vi,False
1036,pumpkaboo-small,ghost,grass,generation-vi,False
1037,pumpkaboo-large,ghost,grass,generation-vi,False
1038,pumpkaboo-super,ghost,grass,generation-vi,False
1039,gourgeist-small,ghost,grass,generation-vi,False
1040,gourgeist-large,ghost,grass,generation-vi,False
1041,gourgeist-super,ghost,grass,generation-vi,False
1042,venusaur-mega,grass,poison,generation-i,False
1043,charizard-mega-x,fire,dragon,generation-i,False
1044,charizard-mega-y,fire,flying,generation-i,False
1045,blastoise-mega,water,,generation-i,False
1046,alakazam-mega,psychic,,generation-i,False
1047,gengar-mega,ghost,poison,generation-i,False
1048,kangaskhan-mega,normal,,generation-i,False
1049,pinsir-mega,bug,flying,generation-i,False
1050,gyarados-mega,water,dark,generation-i,False
1051,aerodactyl-mega,rock,flying,generation-i,False
1052,mewtwo-mega-x,psychic,fighting,generation-i,True
1053,mewtwo-mega-y,psychic,,generation-i,True
1054,ampharos-mega,electric,dragon,generation-ii,False
1055,scizor-mega,bug,steel,generation-ii,False
1056,heracross-mega,bug,fighting,generation-ii,False
1057,houndoom-mega,dark,fire,generation-ii,False
1058,tyranitar-mega,rock,dark,generation-ii,False
1059,blaziken-mega,fire,fighting,generation-iii,False
1060,gardevoir-mega,psychic,fairy,generation-iii,False
1061,mawile-mega,steel,fairy,generation-iii,False
1062,aggron-mega,steel,,generation-iii,False
1063,medicham-mega,fighting,psychic,generation-iii,False
1064,manectric-mega,electric,,generation-iii,False
1065,banette-mega,ghost,,generation-iii,False
1066,absol-mega,dark,,generation-iii,False
1067,garchomp-mega,dragon,ground,generation-iv,False
1068,lucario-mega,fighting,steel,generation-iv,False
1069,abomasnow-mega,grass,ice,generation-iv,False
1070,floette-eternal,fairy,,generation-vi,False
1071,latias-mega,dragon,psychic,generation-iii,True
1072,latios-mega,dragon,psychic,generation-iii,True
1073,swampert-mega,water,ground,generation-iii,False
1074,sceptile-mega,grass,dragon,generation-iii,False
1075,sableye-mega,dark,ghost,generation-iii,False
1076,altaria-mega,dragon,fairy,generation-iii,False
1077,gallade-mega,psychic,fighting,generation-iv,False
1078,audino-mega,normal,fairy,generation-v,False
1079,sharpedo-mega,water,dark,generation-iii,False
1080,slowbro-mega,water,psychic,generation-i,False
1081,steelix-mega,steel,ground,generation-ii,False
1082,pidgeot-mega,normal,flying,generation-i,False
1083,glalie-mega,ice,,generation-iii,False
1084,diancie-mega,rock,fairy,generation-vi,False
1085,metagross-mega,steel,psychic,generation-iii,False
1086,kyogre-primal,water,,generation-iii,True
1087,groudon-primal,ground,fire,generation-iii,True
1088,rayquaza-mega,dragon,flying,generation-iii,True
1089,pikachu-rock-star,electric,,generation-i,False
1090,pikachu-belle,electric,,generation-i,False
1091,pikachu-pop-star,electric,,generation-i,False
1092,pikachu-phd,electric,,generation-i,False
1093,pikachu-libre,electric,,generation-i,False
1094,pikachu-cosplay,electric,,generation-i,False
1095,hoopa-unbound,psychic,dark,generation-vi,False
1096,camerupt-mega,fire,ground,generation-iii,False
1097,lopunny-mega,normal,fighting,generation-iv,False
1098,salamence-mega,dragon,flying,generation-iii,False
1099,beedrill-mega,bug,poison,generation-i,False
1100,rattata-alola,dark,normal,generation-i,False
1101,raticate-alola,dark,normal,generation-i,False
1102,raticate-totem-alola,dark,normal,generation-i,False
1103,pikachu-original-cap,electric,,generation-i,False
1104,pikachu-hoenn-cap,electric,,generation-i,False
1105,pikachu-sinnoh-cap,electric,,generation-i,False
1106,pikachu-unova-cap,electric,,generation-i,False
1107,pikachu-kalos-cap,electric,,generation-i,False
1108,pikachu-alola-cap,electric,,generation-i,False
1109,raichu-alola,electric,psychic,generation-i,False
1110,sandshrew-alola,ice,steel,generation-i,False
1111,sandslash-alola,ice,steel,generation-i,False
1112,vulpix-alola,ice,,generation-i,False
1113,ninetales-alola,ice,fairy,generation-i,False
1114,diglett-alola,ground,steel,generation-i,False
1115,dugtrio-alola,ground,steel,generation-i,False
1116,meowth-alola,dark,,generation-i,False
1117,persian-alola,dark,,generation-i,False
1118,geodude-alola,rock,electric,generation-i,False
1119,graveler-alola,rock,electric,generation-i,False
1120,golem-alola,rock,electric,generation-i,False
1121,grimer-alola,poison,dark,generation-i,False
1122,muk-alola,poison,dark,generation-i,False
1123,exeggutor-alola,grass,dragon,generation-i,False
1124,marowak-alola,fire,ghost,generation-i,False
1125,greninja-battle-bond,water,dark,generation-vi,False
1126,greninja-ash,water,dark,generation-vi,False
1127,zygarde-10-power-construct,dragon,ground,generation-vi,True
1128,zygarde-50-power-construct,dragon,ground,generation-vi,True
1129,zygarde-complete,dragon,ground,generation-vi,True
1130,gumshoos-totem,normal,,generation-vii,False
1131,vikavolt-totem,bug,electric,generation-vii,False
1132,oricorio-pom-pom,electric,flying,generation-vii,False
1133,oricorio-pau,psychic,flying,generation-vii,False
1134,oricorio-sensu,ghost,flying,generation-vii,False
1135,lycanroc-midnight,rock,,generation-vii,False
1136,wishiwashi-school,water,,generation-vii,False
1137,lurantis-totem,grass,,generation-vii,False
1138,salazzle-totem,poison,fire,generation-vii,False
1139,minior-orange-meteor,rock,flying,generation-vii,False
1140,minior-yellow-meteor,rock,flying,generation-vii,False
1141,minior-green-meteor,rock,flying,generation-vii,False
1142,minior-blue-meteor,rock,flying,generation-vii,False
1143,minior-indigo-meteor,rock,flying,generation-vii,False
1144,minior-violet-meteor,rock,flying,generation-vii,False
1145,minior-red,rock,flying,generation-vii,False
1146,minior-orange,rock,flying,generation-vii,False
1147,minior-yellow,rock,flying,generation-vii,False
1148,minior-green,rock,flying,generation-vii,False
1149,minior-blue,rock,flying,generation-vii,False
1150,minior-indigo,rock,flying,generation-vii,False
1151,minior-violet,rock,flying,generation-vii,False
1152,mimikyu-busted,ghost,fairy,generation-vii,False
1153,mimikyu-totem-disguised,ghost,fairy,generation-vii,False
1154,mimikyu-totem-busted,ghost,fairy,generation-vii,False
1155,kommo-o-totem,dragon,fighting,generation-vii,False
1156,magearna-original,steel,fairy,generation-vii,False
1157,pikachu-partner-cap,electric,,generation-i,False
1158,marowak-totem,fire,ghost,generation-i,False
1159,ribombee-totem,bug,fairy,generation-vii,False
1160,rockruff-own-tempo,rock,,generation-vii,False
1161,lycanroc-dusk,rock,,generation-vii,False
1162,araquanid-totem,water,bug,generation-vii,False
1163,togedemaru-totem,electric,steel,generation-vii,False
1164,necrozma-dusk,psychic,steel,generation-vii,True
1165,necrozma-dawn,psychic,ghost,generation-vii,True
1166,necrozma-ultra,psychic,dragon,generation-vii,True
1167,pikachu-starter,electric,,generation-i,False
1168,eevee-starter,normal,,generation-i,False
1169,pikachu-world-cap,electric,,generation-i,False
1170,meowth-galar,steel,,generation-i,False
1171,ponyta-galar,psychic,,generation-i,False
1172,rapidash-galar,psychic,fairy,generation-i,False
1173,slowpoke-galar,psychic,,generation-i,False
1174,slowbro-galar,poison,psychic,generation-i,False
1175,farfetchd-galar,fighting,,generation-i,False
1176,weezing-galar,poison,fairy,generation-i,False
1177,mr-mime-galar,ice,psychic,generation-i,False
1178,articuno-galar,psychic,flying,generation-i,True
1179,zapdos-galar,fighting,flying,generation-i,True
1180,moltres-galar,dark,flying,generation-i,True
1181,slowking-galar,poison,psychic,generation-ii,False
1182,corsola-galar,ghost,,generation-ii,False
1183,zigzagoon-galar,dark,normal,generation-iii,False
1184,linoone-galar,dark,normal,generation-iii,False
1185,darumaka-galar,ice,,generation-v,False
1186,darmanitan-galar-standard,ice,,generation-v,False
1187,darmanitan-galar-zen,ice,fire,generation-v,False
1188,yamask-galar,ground,ghost,generation-v,False
1189,stunfisk-galar,ground,steel,generation-v,False
1190,zygarde-10,dragon,ground,generation-vi,True
1191,cramorant-gulping,flying,water,generation-viii,False
1192,cramorant-gorging,flying,water,generation-viii,False
1193,toxtricity-low-key,electric,poison,generation-viii,False
1194,eiscue-noice,ice,,generation-viii,False
1195,indeedee-female,psychic,normal,generation-viii,False
1196,morpeko-hangry,electric,dark,generation-viii,False
1197,zacian-crowned,fairy,steel,generation-viii,True
1198,zamazenta-crowned,fighting,steel,generation-viii,True
1199,eternatus-eternamax,poison,dragon,generation-viii,True
1200,urshifu-rapid-strike,fighting,water,generation-viii,True
1201,zarude-dada,dark,grass,generation-viii,False
1202,calyrex-ice,psychic,ice,generation-viii,True
1203,calyrex-shadow,psychic,ghost,generation-viii,True
1204,venusaur-gmax,grass,poison,generation-i,False
1205,charizard-gmax,fire,flying,generation-i,False
1206,blastoise-gmax,water,,generation-i,False
1207,butterfree-gmax,bug,flying,generation-i,False
1208,pikachu-gmax,electric,,generation-i,False
1209,meowth-gmax,normal,,generation-i,False
1210,machamp-gmax,fighting,,generation-i,False
1211,gengar-gmax,ghost,poison,generation-i,False
1212,kingler-gmax,water,,generation-i,False
1213,lapras-gmax,water,ice,generation-i,False
1214,eevee-gmax,normal,,generation-i,False
1215,snorlax-gmax,normal,,generation-i,False
1216,garbodor-gmax,poison,,generation-v,False
1217,melmetal-gmax,steel,,generation-vii,False
1218,rillaboom-gmax,grass,,generation-viii,False
1219,cinderace-gmax,fire,,generation-viii,False
1220,inteleon-gmax,water,,generation-viii,False
1221,corviknight-gmax,flying,steel,generation-viii,False
1222,orbeetle-gmax,bug,psychic,generation-viii,False
1223,drednaw-gmax,water,rock,generation-viii,False
1224,coalossal-gmax,rock,fire,generation-viii,False
1225,flapple-gmax,grass,dragon,generation-viii,False
1226,appletun-gmax,grass,dragon,generation-viii,False
1227,sandaconda-gmax,ground,,generation-viii,False
1228,toxtricity-amped-gmax,electric,poison,generation-viii,False
1229,centiskorch-gmax,fire,bug,generation-viii,False
1230,hatterene-gmax,psychic,fairy,generation-viii,False
1231,grimmsnarl-gmax,dark,fairy,generation-viii,False
1232,alcremie-gmax,fairy,,generation-viii,False
1233,copperajah-gmax,steel,,generation-viii,False
1234,duraludon-gmax,steel,dragon,generation-viii,False
1235,urshifu-single-strike-gmax,fighting,dark,generation-viii,True
1236,urshifu-rapid-strike-gmax,fighting,water,generation-viii,True
1237,toxtricity-low-key-gmax,electric,poison,generation-viii,False
1238,growlithe-hisui,fire,rock,generation-i,False
1239,arcanine-hisui,fire,rock,generation-i,False
1240,voltorb-hisui,electric,grass,generation-i,False
1241,electrode-hisui,electric,grass,generation-i,False
1242,typhlosion-hisui,fire,ghost,generation-ii,False
1243,qwilfish-hisui,dark,poison,generation-ii,False
1244,sneasel-hisui,fighting,poison,generation-ii,False
1245,samurott-hisui,water,dark,generation-v,False
1246,lilligant-hisui,grass,fighting,generation-v,False
1247,zorua-hisui,normal,ghost,generation-v,False
1248,zoroark-hisui,normal,ghost,generation-v,False
1249,braviary-hisui,psychic,flying,generation-v,False
1250,sliggoo-hisui,steel,dragon,generation-vi,False
1251,goodra-hisui,steel,dragon,generation-vi,False
1252,avalugg-hisui,ice,rock,generation-vi,False
1253,decidueye-hisui,grass,fighting,generation-vii,False
1254,dialga-origin,steel,dragon,generation-iv,True
1255,palkia-origin,water,dragon,generation-iv,True
1256,basculin-white-striped,water,,generation-v,False
1257,basculegion-female,water,ghost,generation-viii,False
1258,enamorus-therian,fairy,flying,generation-viii,True
1259,tauros-paldea-combat-breed,fighting,,generation-i,False
1260,tauros-paldea-blaze-breed,fighting,fire,generation-i,False
1261,tauros-paldea-aqua-breed,fighting,water,generation-i,False
1262,wooper-paldea,poison,ground,generation-ii,False
1263,oinkologne-female,normal,,generation-ix,False
1264,dudunsparce-three-segment,normal,,generation-ix,False
1265,palafin-hero,water,,generation-ix,False
1266,maushold-family-of-three,normal,,generation-ix,False
1267,tatsugiri-droopy,dragon,water,generation-ix,False
1268,tatsugiri-stretchy,dragon,water,generation-ix,False
1269,squawkabilly-blue-plumage,normal,flying,generation-ix,False
1270,squawkabilly-yellow-plumage,normal,flying,generation-ix,False
1271,squawkabilly-white-plumage,normal,flying,generation-ix,False
1272,gimmighoul-roaming,ghost,,generation-ix,False
1273,koraidon-limited-build,fighting,dragon,generation-ix,True
1274,koraidon-sprinting-build,fighting,dragon,generation-ix,True
1275,koraidon-swimming-build,fighting,dragon,generation-ix,True
1276,koraidon-gliding-build,fighting,dragon,generation-ix,True
1277,miraidon-low-power-mode,electric,dragon,generation-ix,True
1278,miraidon-drive-mode,electric,dragon,generation-ix,True
1279,miraidon-aquatic-mode,electric,dragon,generation-ix,True
1280,miraidon-glide-mode,electric,dragon,generation-ix,True
